"['<s>', '<s>', 'a', 'girl', 'playing']","['<s>', '<s>']",ein
"['<s>', '<s>', 'a', 'girl', 'playing']","['<s>', 'ein']",mädchen
"['<s>', 'a', 'girl', 'playing', 'pool']","['ein', 'mädchen']",spielt
"['a', 'girl', 'playing', 'pool', 'at']","['mädchen', 'spielt']",in
"['girl', 'playing', 'pool', 'at', 'a']","['spielt', 'in']",einer
"['playing', 'pool', 'at', 'a', 'pool']","['in', 'einer']",billardhalle
"['pool', 'at', 'a', 'pool', 'hall']","['einer', 'billardhalle']",billard
"['at', 'a', 'pool', 'hall', '.']","['billardhalle', 'billard']",.

"['<s>', '<s>', 'a', 'man', 'climbs']","['<s>', '<s>']",ein
"['<s>', 'a', 'man', 'climbs', 'up']","['<s>', 'ein']",mann
"['a', 'man', 'climbs', 'up', 'a']","['ein', 'mann']",klettert
"['man', 'climbs', 'up', 'a', 'cliff']","['mann', 'klettert']",eine
"['climbs', 'up', 'a', 'cliff', 'and']","['klettert', 'eine']",felswand
"['up', 'a', 'cliff', 'and', 'reaches']","['eine', 'felswand']",hoch
"['a', 'cliff', 'and', 'reaches', 'an']","['felswand', 'hoch']",und
"['cliff', 'and', 'reaches', 'an', 'overhang']","['hoch', 'und']",erreicht
"['and', 'reaches', 'an', 'overhang', '.']","['und', 'erreicht']",einen
"['reaches', 'an', 'overhang', '.', '</s>']","['erreicht', 'einen']",Überhang
"['an', 'overhang', '.', '</s>', '</s>']","['einen', 'Überhang']",.

"['<s>', '<s>', 'a', 'group', 'of']","['<s>', '<s>']",eine
"['<s>', '<s>', 'a', 'group', 'of']","['<s>', 'eine']",gruppe
"['<s>', 'a', 'group', 'of', 'people']","['eine', 'gruppe']",geht
"['a', 'group', 'of', 'people', 'walking']","['gruppe', 'geht']",über
"['a', 'group', 'of', 'people', 'walking']","['geht', 'über']",einen
"['group', 'of', 'people', 'walking', 'across']","['über', 'einen']",seilbrücke
"['of', 'people', 'walking', 'across', 'a']","['einen', 'seilbrücke']",.

"['<s>', '<s>', 'young', 'man', 'alone']","['<s>', '<s>']",ein
"['<s>', 'young', 'man', 'alone', 'on']","['<s>', 'ein']",junger
"['young', 'man', 'alone', 'on', 'a']","['ein', 'junger']",mann
"['man', 'alone', 'on', 'a', 'white-sand']","['junger', 'mann']",alleine
"['alone', 'on', 'a', 'white-sand', 'beach']","['mann', 'alleine']",an
"['on', 'a', 'white-sand', 'beach', 'enjoys']","['alleine', 'an']",einem
"['a', 'white-sand', 'beach', 'enjoys', 'a']","['an', 'einem']",strand
"['white-sand', 'beach', 'enjoys', 'a', 'snack']","['einem', 'strand']",mit
"['enjoys', 'a', 'snack', 'under', 'a']","['strand', 'mit']",weißem
"['a', 'snack', 'under', 'a', 'beach']","['mit', 'weißem']",sand
"['snack', 'under', 'a', 'beach', 'umbrella']","['weißem', 'sand']",isst
"['under', 'a', 'beach', 'umbrella', '.']","['sand', 'isst']",eine
"['a', 'beach', 'umbrella', '.', '</s>']","['isst', 'eine']",kleinigkeit
"['beach', 'umbrella', '.', '</s>', '</s>']","['eine', 'kleinigkeit']",unter
"['umbrella', '.', '</s>', '</s>', '</s>']","['kleinigkeit', 'unter']",einem
"['</s>', '</s>', '</s>']","['unter', 'einem']",strandschirm
"['</s>', '</s>']","['einem', 'strandschirm']",.

"['<s>', '<s>', 'a', 'man', 'is']","['<s>', '<s>']",ein
"['<s>', 'a', 'man', 'is', 'performing']","['<s>', 'ein']",mann
"['a', 'man', 'is', 'performing', 'for']","['ein', 'mann']",gibt
"['man', 'is', 'performing', 'for', 'a']","['mann', 'gibt']",einer
"['is', 'performing', 'for', 'a', 'crowd']","['gibt', 'einer']",menschenmenge
"['performing', 'for', 'a', 'crowd', 'on']","['einer', 'menschenmenge']",eine
"['for', 'a', 'crowd', 'on', 'a']","['menschenmenge', 'eine']",vorführung
"['a', 'crowd', 'on', 'a', 'tall']","['eine', 'vorführung']",auf
"['crowd', 'on', 'a', 'tall', 'unicycle']","['vorführung', 'auf']",einem
"['on', 'a', 'tall', 'unicycle', '.']","['auf', 'einem']",hohen
"['a', 'tall', 'unicycle', '.', '</s>']","['einem', 'hohen']",einrad
"['tall', 'unicycle', '.', '</s>', '</s>']","['hohen', 'einrad']",.

"['<s>', '<s>', 'a', 'young', 'boy']","['<s>', '<s>']",ein
"['<s>', 'a', 'young', 'boy', 'runs']","['<s>', 'ein']",junge
"['a', 'young', 'boy', 'runs', 'down']","['ein', 'junge']",","
"['young', 'boy', 'runs', 'down', 'a']","['junge', ',']",der
"['boy', 'runs', 'down', 'a', 'field']","[',', 'der']",ein
"['runs', 'down', 'a', 'field', ',']","['der', 'ein']",namensschild
"['down', 'a', 'field', ',', 'wearing']","['ein', 'namensschild']",trägt
"['a', 'field', ',', 'wearing', 'a']","['namensschild', 'trägt']",","
"['field', ',', 'wearing', 'a', 'name']","['trägt', ',']",rennt
"[',', 'wearing', 'a', 'name', 'tag']","[',', 'rennt']",über
"['wearing', 'a', 'name', 'tag', '.']","['rennt', 'über']",ein
"['a', 'name', 'tag', '.', '</s>']","['über', 'ein']",feld
"['name', 'tag', '.', '</s>', '</s>']","['ein', 'feld']",.

"['<s>', '<s>', 'earth', ',', 'water']","['<s>', '<s>']",erde
"['<s>', 'earth', ',', 'water', 'and']","['<s>', 'erde']",","
"['earth', ',', 'water', 'and', 'sky']","['erde', ',']",wasser
"[',', 'water', 'and', 'sky', 'make']","[',', 'wasser']",und
"['water', 'and', 'sky', 'make', 'this']","['wasser', 'und']",himmel
"['and', 'sky', 'make', 'this', 'a']","['und', 'himmel']",machen
"['sky', 'make', 'this', 'a', 'great']","['himmel', 'machen']",diesen
"['this', 'a', 'great', 'spot', 'a']","['machen', 'diesen']",ort
"['a', 'great', 'spot', 'a', 'time']","['diesen', 'ort']",zu
"['great', 'spot', 'a', 'time', 'out']","['ort', 'zu']",einem
"['spot', 'a', 'time', 'out', '.']","['zu', 'einem']",guten
"['a', 'time', 'out', '.', '</s>']","['einem', 'guten']",platz
"['time', 'out', '.', '</s>', '</s>']","['guten', 'platz']",","
"['out', '.', '</s>', '</s>', '</s>']","['platz', ',']",um
"['</s>', '</s>', '</s>']","[',', 'um']",auszuspannen
"['</s>', '</s>']","['um', 'auszuspannen']",.

"['<s>', '<s>', 'a', 'young', 'baby']","['<s>', '<s>']",ein
"['<s>', '<s>', 'a', 'young', 'baby']","['<s>', 'ein']",kleines
"['<s>', 'a', 'young', 'baby', 'wearing']","['ein', 'kleines']",baby
"['a', 'young', 'baby', 'wearing', 'blue']","['kleines', 'baby']",mit
"['young', 'baby', 'wearing', 'blue', 'sleepwear']","['baby', 'mit']",blauem
"['baby', 'wearing', 'blue', 'sleepwear', 'has']","['mit', 'blauem']",schlafanzug
"['wearing', 'blue', 'sleepwear', 'has', 'a']","['blauem', 'schlafanzug']",hat
"['blue', 'sleepwear', 'has', 'a', 'pacifier']","['schlafanzug', 'hat']",einen
"['sleepwear', 'has', 'a', 'pacifier', 'in']","['hat', 'einen']",schnuller
"['sleepwear', 'has', 'a', 'pacifier', 'in']","['einen', 'schnuller']",im
"['has', 'a', 'pacifier', 'in', 'his']","['schnuller', 'im']",mund
"['a', 'pacifier', 'in', 'his', 'mouth']","['im', 'mund']",und
"['pacifier', 'in', 'his', 'mouth', 'and']","['mund', 'und']",schläft
"['in', 'his', 'mouth', 'and', 'is']","['und', 'schläft']",.

"['<s>', '<s>', 'a', 'man', 'and']","['<s>', '<s>']",ein
"['<s>', 'a', 'man', 'and', 'woman']","['<s>', 'ein']",mann
"['a', 'man', 'and', 'woman', 'walk']","['ein', 'mann']",und
"['man', 'and', 'woman', 'walk', 'down']","['mann', 'und']",eine
"['and', 'woman', 'walk', 'down', 'the']","['und', 'eine']",frau
"['woman', 'walk', 'down', 'the', 'street']","['eine', 'frau']",gehen
"['walk', 'down', 'the', 'street', 'together']","['frau', 'gehen']",zusammen
"['down', 'the', 'street', 'together', '.']","['gehen', 'zusammen']",die
"['the', 'street', 'together', '.', '</s>']","['zusammen', 'die']",straße
"['street', 'together', '.', '</s>', '</s>']","['die', 'straße']",entlang
"['.', '</s>', '</s>', '</s>']","['straße', 'entlang']",.

"['<s>', '<s>', 'a', 'woman', 'is']","['<s>', '<s>']",eine
"['<s>', '<s>', 'a', 'woman', 'is']","['<s>', 'eine']",frau
"['<s>', 'a', 'woman', 'is', 'smiling']","['eine', 'frau']",hinter
"['a', 'woman', 'is', 'smiling', 'and']","['frau', 'hinter']",einer
"['woman', 'is', 'smiling', 'and', 'reading']","['hinter', 'einer']",bud
"['woman', 'is', 'smiling', 'and', 'reading']","['einer', 'bud']",light-werbung
"['is', 'smiling', 'and', 'reading', 'a']","['bud', 'light-werbung']",lächelt
"['smiling', 'and', 'reading', 'a', 'newspaper']","['light-werbung', 'lächelt']",und
"['and', 'reading', 'a', 'newspaper', 'behind']","['lächelt', 'und']",liest
"['reading', 'a', 'newspaper', 'behind', 'a']","['und', 'liest']",zeitung
"['reading', 'a', 'newspaper', 'behind', 'a']","['liest', 'zeitung']",.

"['<s>', '<s>', 'two', 'people', 'look']","['<s>', '<s>']",zwei
"['<s>', '<s>', 'two', 'people', 'look']","['<s>', 'zwei']",leute
"['<s>', 'two', 'people', 'look', 'over']","['zwei', 'leute']",blicken
"['two', 'people', 'look', 'over', 'a']","['leute', 'blicken']",über
"['people', 'look', 'over', 'a', 'terrace']","['blicken', 'über']",eine
"['look', 'over', 'a', 'terrace', 'wall']","['über', 'eine']",terassenmauer
"['over', 'a', 'terrace', 'wall', '.']","['eine', 'terassenmauer']",.

"['<s>', '<s>', 'a', 'lady', 'wearing']","['<s>', '<s>']",eine
"['<s>', '<s>', 'a', 'lady', 'wearing']","['<s>', 'eine']",dame
"['<s>', 'a', 'lady', 'wearing', 'a']","['eine', 'dame']",mit
"['a', 'lady', 'wearing', 'a', 'bonnet']","['dame', 'mit']",einer
"['lady', 'wearing', 'a', 'bonnet', 'is']","['mit', 'einer']",haube
"['wearing', 'a', 'bonnet', 'is', 'sitting']","['einer', 'haube']",sitzt
"['a', 'bonnet', 'is', 'sitting', 'down']","['haube', 'sitzt']",mit
"['bonnet', 'is', 'sitting', 'down', 'with']","['sitzt', 'mit']",den
"['bonnet', 'is', 'sitting', 'down', 'with']","['mit', 'den']",händen
"['is', 'sitting', 'down', 'with', 'her']","['den', 'händen']",im
"['sitting', 'down', 'with', 'her', 'hands']","['händen', 'im']",schoß
"['down', 'with', 'her', 'hands', 'on']","['im', 'schoß']",da
"['with', 'her', 'hands', 'on', 'her']","['schoß', 'da']",.

"['<s>', '<s>', 'three', 'workers', 'are']","['<s>', '<s>']",drei
"['<s>', '<s>', 'three', 'workers', 'are']","['<s>', 'drei']",arbeiter
"['<s>', 'three', 'workers', 'are', 'working']","['drei', 'arbeiter']",arbeiten
"['three', 'workers', 'are', 'working', 'on']","['arbeiter', 'arbeiten']",auf
"['workers', 'are', 'working', 'on', 'a']","['arbeiten', 'auf']",einem
"['are', 'working', 'on', 'a', 'metal']","['auf', 'einem']",metalldach
"['working', 'on', 'a', 'metal', 'roof']","['einem', 'metalldach']",.

"['<s>', '<s>', 'a', 'woman', 'with']","['<s>', '<s>']",eine
"['<s>', '<s>', 'a', 'woman', 'with']","['<s>', 'eine']",frau
"['<s>', 'a', 'woman', 'with', 'ripped']","['eine', 'frau']",mit
"['a', 'woman', 'with', 'ripped', 'jeans']","['frau', 'mit']",gerissenen
"['woman', 'with', 'ripped', 'jeans', 'is']","['mit', 'gerissenen']",jeans
"['with', 'ripped', 'jeans', 'is', 'laying']","['gerissenen', 'jeans']",liegt
"['ripped', 'jeans', 'is', 'laying', 'on']","['jeans', 'liegt']",mit
"['jeans', 'is', 'laying', 'on', 'the']","['liegt', 'mit']",dem
"['is', 'laying', 'on', 'the', 'ground']","['mit', 'dem']",unterarm
"['laying', 'on', 'the', 'ground', 'with']","['dem', 'unterarm']",über
"['on', 'the', 'ground', 'with', 'her']","['unterarm', 'über']",dem
"['the', 'ground', 'with', 'her', 'forearm']","['über', 'dem']",gesicht
"['ground', 'with', 'her', 'forearm', 'over']","['dem', 'gesicht']",auf
"['with', 'her', 'forearm', 'over', 'her']","['gesicht', 'auf']",dem
"['her', 'forearm', 'over', 'her', 'face']","['auf', 'dem']",boden
"['forearm', 'over', 'her', 'face', '.']","['dem', 'boden']",.

"['<s>', '<s>', 'woman', 'walking', 'with']","['<s>', '<s>']",eine
"['<s>', 'woman', 'walking', 'with', 'face']","['<s>', 'eine']",frau
"['walking', 'with', 'face', 'painted', 'children']","['eine', 'frau']",","
"['with', 'face', 'painted', 'children', 'while']","['frau', ',']",die
"['painted', 'children', 'while', 'carrying', 'a']","[',', 'die']",mit
"['children', 'while', 'carrying', 'a', 'screaming']","['die', 'mit']",kindern
"['carrying', 'a', 'screaming', 'child', '.']","['mit', 'kindern']",mit
"['screaming', 'child', '.', '</s>', '</s>']","['kindern', 'mit']",gesichtsbemalung
"['child', '.', '</s>', '</s>', '</s>']","['mit', 'gesichtsbemalung']",unterwegs
"['</s>', '</s>', '</s>']","['gesichtsbemalung', 'unterwegs']",ist
"['</s>', '</s>']","['unterwegs', 'ist']",und
[],"['ist', 'und']",ein
[],"['und', 'ein']",schreiendes
[],"['ein', 'schreiendes']",kind
[],"['schreiendes', 'kind']",auf
[],"['kind', 'auf']",dem
[],"['auf', 'dem']",arm
[],"['dem', 'arm']",hat
[],"['arm', 'hat']",.

"['<s>', '<s>', 'a', 'chef', 'with']","['<s>', '<s>']",ein
"['<s>', 'a', 'chef', 'with', 'glasses']","['<s>', 'ein']",koch
"['a', 'chef', 'with', 'glasses', 'cooks']","['ein', 'koch']",mit
"['chef', 'with', 'glasses', 'cooks', 'french']","['koch', 'mit']",brille
"['with', 'glasses', 'cooks', 'french', 'bread']","['mit', 'brille']",bereitet
"['glasses', 'cooks', 'french', 'bread', 'in']","['brille', 'bereitet']",in
"['cooks', 'french', 'bread', 'in', 'a']","['bereitet', 'in']",einem
"['french', 'bread', 'in', 'a', 'giant']","['in', 'einem']",riesigen
"['bread', 'in', 'a', 'giant', 'oven']","['einem', 'riesigen']",ofen
"['in', 'a', 'giant', 'oven', '.']","['riesigen', 'ofen']",baguette
"['a', 'giant', 'oven', '.', '</s>']","['ofen', 'baguette']",zu
"['giant', 'oven', '.', '</s>', '</s>']","['baguette', 'zu']",.

"['<s>', '<s>', 'two', 'people', 'stand']","['<s>', '<s>']",zwei
"['<s>', '<s>', 'two', 'people', 'stand']","['<s>', 'zwei']",personen
"['<s>', 'two', 'people', 'stand', 'outside']","['zwei', 'personen']",stehen
"['two', 'people', 'stand', 'outside', 'a']","['personen', 'stehen']",vor
"['people', 'stand', 'outside', 'a', 'wine']","['stehen', 'vor']",einem
"['stand', 'outside', 'a', 'wine', 'shop']","['vor', 'einem']",weingeschäft
"['outside', 'a', 'wine', 'shop', '.']","['einem', 'weingeschäft']",.

"['<s>', '<s>', 'a', 'man', 'and']","['<s>', '<s>']",ein
"['<s>', '<s>', 'a', 'man', 'and']","['<s>', 'ein']",mann
"['<s>', 'a', 'man', 'and', 'a']","['ein', 'mann']",und
"['a', 'man', 'and', 'a', 'woman']","['mann', 'und']",eine
"['man', 'and', 'a', 'woman', 'tak']","['und', 'eine']",frau
"['and', 'a', 'woman', 'tak', 'outside']","['eine', 'frau']",sprechen
"['a', 'woman', 'tak', 'outside', 'of']","['frau', 'sprechen']",vor
"['woman', 'tak', 'outside', 'of', 'a']","['sprechen', 'vor']",einem
"['tak', 'outside', 'of', 'a', 'coffee']","['vor', 'einem']",kaffeehaus
"['outside', 'of', 'a', 'coffee', 'house']","['einem', 'kaffeehaus']",miteinander
"['of', 'a', 'coffee', 'house', '.']","['kaffeehaus', 'miteinander']",.

"['<s>', '<s>', 'a', 'silhouette', 'of']","['<s>', '<s>']",eine
"['<s>', 'a', 'silhouette', 'of', 'a']","['<s>', 'eine']",silhouette
"['a', 'silhouette', 'of', 'a', 'kid']","['eine', 'silhouette']",eines
"['silhouette', 'of', 'a', 'kid', 'playing']","['silhouette', 'eines']",kinds
"['of', 'a', 'kid', 'playing', 'on']","['eines', 'kinds']",","
"['a', 'kid', 'playing', 'on', 'a']","['kinds', ',']",das
"['kid', 'playing', 'on', 'a', 'beach']","[',', 'das']",an
"['playing', 'on', 'a', 'beach', '.']","['das', 'an']",einem
"['on', 'a', 'beach', '.', '</s>']","['an', 'einem']",strand
"['a', 'beach', '.', '</s>', '</s>']","['einem', 'strand']",spielt
"['.', '</s>', '</s>', '</s>']","['strand', 'spielt']",.

"['<s>', '<s>', 'a', 'man', 'wearing']","['<s>', '<s>']",ein
"['<s>', 'a', 'man', 'wearing', 'shorts']","['<s>', 'ein']",mann
"['a', 'man', 'wearing', 'shorts', ',']","['ein', 'mann']",","
"['man', 'wearing', 'shorts', ',', 'sandals']","['mann', ',']",der
"['wearing', 'shorts', ',', 'sandals', ',']","[',', 'der']",kurze
"['shorts', ',', 'sandals', ',', 'and']","['der', 'kurze']",hosen
"[',', 'sandals', ',', 'and', 'a']","['kurze', 'hosen']",","
"['sandals', ',', 'and', 'a', 'black']","['hosen', ',']",sandalen
"[',', 'and', 'a', 'black', 'shirt']","[',', 'sandalen']",und
"['a', 'black', 'shirt', 'is', 'talking']","['sandalen', 'und']",ein
"['black', 'shirt', 'is', 'talking', 'on']","['und', 'ein']",schwarzes
"['shirt', 'is', 'talking', 'on', 'his']","['ein', 'schwarzes']",hemd
"['is', 'talking', 'on', 'his', 'cellphone']","['schwarzes', 'hemd']",trägt
"['talking', 'on', 'his', 'cellphone', '.']","['hemd', 'trägt']",","
"['on', 'his', 'cellphone', '.', '</s>']","['trägt', ',']",spricht
"['his', 'cellphone', '.', '</s>', '</s>']","[',', 'spricht']",auf
"['cellphone', '.', '</s>', '</s>', '</s>']","['spricht', 'auf']",seinem
"['</s>', '</s>', '</s>']","['auf', 'seinem']",handy
"['</s>', '</s>']","['seinem', 'handy']",.

"['<s>', '<s>', 'two', 'men', 'talk']","['<s>', '<s>']",zwei
"['<s>', 'two', 'men', 'talk', 'in']","['<s>', 'zwei']",männer
"['two', 'men', 'talk', 'in', 'a']","['zwei', 'männer']",sprechen
"['men', 'talk', 'in', 'a', 'restaurant']","['männer', 'sprechen']",in
"['talk', 'in', 'a', 'restaurant', 'kitchen']","['sprechen', 'in']",einer
"['in', 'a', 'restaurant', 'kitchen', '.']","['in', 'einer']",restaurantküche
"['a', 'restaurant', 'kitchen', '.', '</s>']","['einer', 'restaurantküche']",miteinander
"['restaurant', 'kitchen', '.', '</s>', '</s>']","['restaurantküche', 'miteinander']",.

"['<s>', '<s>', 'a', 'young', 'girl']","['<s>', '<s>']",ein
"['<s>', 'a', 'young', 'girl', 'sits']","['<s>', 'ein']",mädchen
"['a', 'young', 'girl', 'sits', 'on']","['ein', 'mädchen']",sitzt
"['young', 'girl', 'sits', 'on', 'a']","['mädchen', 'sitzt']",auf
"['girl', 'sits', 'on', 'a', 'rock']","['sitzt', 'auf']",einem
"['sits', 'on', 'a', 'rock', 'overlooking']","['auf', 'einem']",felsen
"['on', 'a', 'rock', 'overlooking', 'a']","['einem', 'felsen']",und
"['a', 'rock', 'overlooking', 'a', 'large']","['felsen', 'und']",blickt
"['rock', 'overlooking', 'a', 'large', 'field']","['und', 'blickt']",auf
"['overlooking', 'a', 'large', 'field', '.']","['blickt', 'auf']",ein
"['a', 'large', 'field', '.', '</s>']","['auf', 'ein']",großes
"['large', 'field', '.', '</s>', '</s>']","['ein', 'großes']",feld
"['.', '</s>', '</s>', '</s>']","['großes', 'feld']",.

"['<s>', '<s>', 'a', 'man', 'in']","['<s>', '<s>']",ein
"['<s>', 'a', 'man', 'in', 'a']","['<s>', 'ein']",mann
"['a', 'man', 'in', 'a', 'green']","['ein', 'mann']",mit
"['man', 'in', 'a', 'green', 'hat']","['mann', 'mit']",einer
"['a', 'green', 'hat', 'running', '.']","['mit', 'einer']",grünen
"['green', 'hat', 'running', '.', '</s>']","['einer', 'grünen']",mütze
"['hat', 'running', '.', '</s>', '</s>']","['grünen', 'mütze']",","
"['running', '.', '</s>', '</s>', '</s>']","['mütze', ',']",der
"['</s>', '</s>', '</s>']","[',', 'der']",rennt
"['</s>', '</s>']","['der', 'rennt']",.

"['<s>', '<s>', 'two', 'males', 'running']","['<s>', '<s>']",zwei
"['<s>', 'two', 'males', 'running', ',']","['<s>', 'zwei']",männliche
"['two', 'males', 'running', ',', 'one']","['zwei', 'männliche']",personen
"['males', 'running', ',', 'one', 'wearing']","['männliche', 'personen']",","
"['running', ',', 'one', 'wearing', 'red']","['personen', ',']",die
"[',', 'one', 'wearing', 'red', 'and']","[',', 'die']",rennen
"['wearing', 'red', 'and', 'white', ',']","['die', 'rennen']",","
"['red', 'and', 'white', ',', 'the']","['rennen', ',']",im
"['and', 'white', ',', 'the', 'other']","[',', 'im']",freien
"['white', ',', 'the', 'other', 'navy']","['im', 'freien']",","
"[',', 'the', 'other', 'navy', 'blue']","['freien', ',']",an
"['the', 'other', 'navy', 'blue', 'and']","[',', 'an']",einem
"['navy', 'blue', 'and', 'black', ',']","['an', 'einem']",wolkigen
"['blue', 'and', 'black', ',', 'outside']","['einem', 'wolkigen']",tag
"['and', 'black', ',', 'outside', 'on']","['wolkigen', 'tag']",;
"['black', ',', 'outside', 'on', 'a']","['tag', ';']",einer
"[',', 'outside', 'on', 'a', 'cloudy']","[';', 'einer']",trägt
"['outside', 'on', 'a', 'cloudy', 'day']","['einer', 'trägt']",rot
"['a', 'cloudy', 'day', '.', '</s>']","['trägt', 'rot']",und
"['cloudy', 'day', '.', '</s>', '</s>']","['rot', 'und']",weiß
"['day', '.', '</s>', '</s>', '</s>']","['und', 'weiß']",","
"['.', '</s>', '</s>', '</s>']","['weiß', ',']",der
"['</s>', '</s>', '</s>']","[',', 'der']",andere
['</s>'],"['der', 'andere']",marineblau
[],"['andere', 'marineblau']",und
[],"['marineblau', 'und']",schwarz
[],"['und', 'schwarz']",.

"['<s>', '<s>', 'a', 'little', 'boy']","['<s>', '<s>']",ein
"['<s>', 'a', 'little', 'boy', 'in']","['<s>', 'ein']",kleiner
"['a', 'little', 'boy', 'in', 'a']","['ein', 'kleiner']",junge
"['little', 'boy', 'in', 'a', 'yellow']","['kleiner', 'junge']",in
"['boy', 'in', 'a', 'yellow', 'shirt']","['junge', 'in']",einem
"['in', 'a', 'yellow', 'shirt', 'walking']","['in', 'einem']",gelben
"['a', 'yellow', 'shirt', 'walking', 'on']","['einem', 'gelben']",hemd
"['yellow', 'shirt', 'walking', 'on', 'stones']","['gelben', 'hemd']",geht
"['shirt', 'walking', 'on', 'stones', '.']","['hemd', 'geht']",auf
"['walking', 'on', 'stones', '.', '</s>']","['geht', 'auf']",steinen
"['on', 'stones', '.', '</s>', '</s>']","['auf', 'steinen']",.

"['<s>', '<s>', 'a', 'crowd', 'of']","['<s>', '<s>']",eine
"['<s>', 'a', 'crowd', 'of', 'men']","['<s>', 'eine']",aus
"['a', 'crowd', 'of', 'men', 'and']","['eine', 'aus']",männern
"['crowd', 'of', 'men', 'and', 'women']","['aus', 'männern']",und
"['of', 'men', 'and', 'women', 'sitting']","['männern', 'und']",frauen
"['men', 'and', 'women', 'sitting', 'and']","['und', 'frauen']",bestehende
"['and', 'women', 'sitting', 'and', 'standing']","['frauen', 'bestehende']",menschenmenge
"['women', 'sitting', 'and', 'standing', 'by']","['bestehende', 'menschenmenge']",sitzt
"['sitting', 'and', 'standing', 'by', 'a']","['menschenmenge', 'sitzt']",bzw.
"['and', 'standing', 'by', 'a', 'we']","['sitzt', 'bzw.']",steht
"['standing', 'by', 'a', 'we', 'are']","['bzw.', 'steht']",bei
"['by', 'a', 'we', 'are', 'demanding']","['steht', 'bei']",einem
"['a', 'we', 'are', 'demanding', 'sign']","['bei', 'einem']",schild
"['we', 'are', 'demanding', 'sign', '.']","['einem', 'schild']",mit
"['are', 'demanding', 'sign', '.', '</s>']","['schild', 'mit']",forderungen
"['demanding', 'sign', '.', '</s>', '</s>']","['mit', 'forderungen']",.

"['<s>', '<s>', 'five', 'asian', 'friends']","['<s>', '<s>']",fünf
"['<s>', 'five', 'asian', 'friends', 'posing']","['<s>', 'fünf']",asiatische
"['five', 'asian', 'friends', 'posing', 'together']","['fünf', 'asiatische']",freund
"['asian', 'friends', 'posing', 'together', 'for']","['asiatische', 'freund']",posieren
"['friends', 'posing', 'together', 'for', 'a']","['freund', 'posieren']",zusammen
"['posing', 'together', 'for', 'a', 'picture']","['posieren', 'zusammen']",für
"['together', 'for', 'a', 'picture', '.']","['zusammen', 'für']",ein
"['for', 'a', 'picture', '.', '</s>']","['für', 'ein']",foto
"['a', 'picture', '.', '</s>', '</s>']","['ein', 'foto']",.

"['<s>', '<s>', 'four', 'women', 'and']","['<s>', '<s>']",vier
"['<s>', '<s>', 'four', 'women', 'and']","['<s>', 'vier']",frauen
"['<s>', 'four', 'women', 'and', 'one']","['vier', 'frauen']",und
"['four', 'women', 'and', 'one', 'man']","['frauen', 'und']",ein
"['women', 'and', 'one', 'man', 'sitting']","['und', 'ein']",mann
"['and', 'one', 'man', 'sitting', 'on']","['ein', 'mann']",sitzen
"['one', 'man', 'sitting', 'on', 'the']","['mann', 'sitzen']",mit
"['man', 'sitting', 'on', 'the', 'sidewalk']","['sitzen', 'mit']",schlafsäcken
"['sitting', 'on', 'the', 'sidewalk', 'with']","['mit', 'schlafsäcken']",auf
"['on', 'the', 'sidewalk', 'with', 'sleeping']","['schlafsäcken', 'auf']",dem
"['the', 'sidewalk', 'with', 'sleeping', 'bags']","['auf', 'dem']",bürgersteig
"['sidewalk', 'with', 'sleeping', 'bags', '.']","['dem', 'bürgersteig']",.

"['<s>', '<s>', 'a', 'lot', 'of']","['<s>', '<s>']",viele
"['<s>', '<s>', 'a', 'lot', 'of']","['<s>', 'viele']",warm
"['<s>', 'a', 'lot', 'of', 'people']","['viele', 'warm']",angezogene
"['<s>', 'a', 'lot', 'of', 'people']","['warm', 'angezogene']",menschen

"['<s>', '<s>', 'three', 'young', 'people']","['<s>', '<s>']",drei
"['<s>', 'three', 'young', 'people', 'are']","['<s>', 'drei']",junge
"['three', 'young', 'people', 'are', 'snuggling']","['drei', 'junge']",leute
"['young', 'people', 'are', 'snuggling', 'under']","['junge', 'leute']",kuscheln
"['people', 'are', 'snuggling', 'under', 'a']","['leute', 'kuscheln']",sich
"['are', 'snuggling', 'under', 'a', 'blanket']","['kuscheln', 'sich']",unter
"['snuggling', 'under', 'a', 'blanket', 'on']","['sich', 'unter']",eine
"['under', 'a', 'blanket', 'on', 'a']","['unter', 'eine']",decke
"['a', 'blanket', 'on', 'a', 'sidewalk']","['eine', 'decke']",auf
"['blanket', 'on', 'a', 'sidewalk', '.']","['decke', 'auf']",einem
"['on', 'a', 'sidewalk', '.', '</s>']","['auf', 'einem']",gehweg
"['a', 'sidewalk', '.', '</s>', '</s>']","['einem', 'gehweg']",.

"['<s>', '<s>', 'two', 'people', 'are']","['<s>', '<s>']",zwei
"['<s>', '<s>', 'two', 'people', 'are']","['<s>', 'zwei']",personen
"['<s>', 'two', 'people', 'are', 'taking']","['zwei', 'personen']",machen
"['two', 'people', 'are', 'taking', 'pictures']","['personen', 'machen']",fotos
"['people', 'are', 'taking', 'pictures', '.']","['machen', 'fotos']",.

"['<s>', '<s>', 'three', 'women', 'and']","['<s>', '<s>']",drei
"['<s>', 'three', 'women', 'and', 'a']","['<s>', 'drei']",frauen
"['three', 'women', 'and', 'a', 'man']","['drei', 'frauen']",und
"['women', 'and', 'a', 'man', 'in']","['frauen', 'und']",ein
"['and', 'a', 'man', 'in', 'a']","['und', 'ein']",mann
"['a', 'man', 'in', 'a', 'hat']","['ein', 'mann']",mit
"['man', 'in', 'a', 'hat', 'sitting']","['mann', 'mit']",hut
"['in', 'a', 'hat', 'sitting', 'cross']","['mit', 'hut']",sitzen
"['a', 'hat', 'sitting', 'cross', 'legged']","['hut', 'sitzen']",mit
"['hat', 'sitting', 'cross', 'legged', 'in']","['sitzen', 'mit']",gekreuzten
"['sitting', 'cross', 'legged', 'in', 'a']","['mit', 'gekreuzten']",beinen
"['cross', 'legged', 'in', 'a', 'group']","['gekreuzten', 'beinen']",in
"['legged', 'in', 'a', 'group', '.']","['beinen', 'in']",einer
"['in', 'a', 'group', '.', '</s>']","['in', 'einer']",gruppe
"['a', 'group', '.', '</s>', '</s>']","['einer', 'gruppe']",.

"['<s>', '<s>', 'there', 'is', 'an']","['<s>', '<s>']",da
"['<s>', 'there', 'is', 'an', 'asian']","['<s>', 'da']",ist
"['there', 'is', 'an', 'asian', 'girl']","['da', 'ist']",ein
"['is', 'an', 'asian', 'girl', 'holding']","['ist', 'ein']",asiatisches
"['asian', 'girl', 'holding', 'a', 'green']","['ein', 'asiatisches']",mädchen
"['girl', 'holding', 'a', 'green', 'sign']","['asiatisches', 'mädchen']",","
"['holding', 'a', 'green', 'sign', 'protesting']","['mädchen', ',']",das
"['a', 'green', 'sign', 'protesting', '.']","[',', 'das']",ein
"['sign', 'protesting', '.', '</s>', '</s>']","['das', 'ein']",grünes
"['protesting', '.', '</s>', '</s>', '</s>']","['ein', 'grünes']",schild
"['.', '</s>', '</s>', '</s>']","['grünes', 'schild']",hält
"['</s>', '</s>']","['schild', 'hält']",und
['</s>'],"['hält', 'und']",protestiert
[],"['und', 'protestiert']",.

"['<s>', '<s>', 'a', 'man', 'videotaping']","['<s>', '<s>']",ein
"['<s>', 'a', 'man', 'videotaping', 'a']","['<s>', 'ein']",mann
"['a', 'man', 'videotaping', 'a', 'group']","['ein', 'mann']",","
"['man', 'videotaping', 'a', 'group', 'of']","['mann', ',']",der
"['videotaping', 'a', 'group', 'of', 'people']","[',', 'der']",ein
"['a', 'group', 'of', 'people', 'in']","['der', 'ein']",video
"['of', 'people', 'in', 'front', 'of']","['ein', 'video']",von
"['people', 'in', 'front', 'of', 'a']","['video', 'von']",einer
"['in', 'front', 'of', 'a', 'from']","['von', 'einer']",gruppe
"['front', 'of', 'a', 'from', 'new']","['einer', 'gruppe']",vor
"['of', 'a', 'from', 'new', 'york']","['gruppe', 'vor']",einem
"['from', 'new', 'york', 'banner', '.']","['vor', 'einem']",„
"['new', 'york', 'banner', '.', '</s>']","['einem', '„']",from
"['york', 'banner', '.', '</s>', '</s>']","['„', 'from']",new
"['banner', '.', '</s>', '</s>', '</s>']","['from', 'new']",york
"['.', '</s>', '</s>', '</s>']","['new', 'york']",“
"['</s>', '</s>']","['york', '“']",-banner
['</s>'],"['“', '-banner']",macht
[],"['-banner', 'macht']",.

"['<s>', '<s>', 'people', 'in', 'a']","['<s>', '<s>']",leute
"['<s>', '<s>', 'people', 'in', 'a']","['<s>', 'leute']",stehen
"['<s>', 'people', 'in', 'a', 'courtyard']","['leute', 'stehen']",und
"['people', 'in', 'a', 'courtyard', 'plaza']","['stehen', 'und']",sitzen
"['in', 'a', 'courtyard', 'plaza', 'are']","['und', 'sitzen']",in
"['a', 'courtyard', 'plaza', 'are', 'sitting']","['sitzen', 'in']",einem
"['a', 'courtyard', 'plaza', 'are', 'sitting']","['in', 'einem']",hofgarten
"['courtyard', 'plaza', 'are', 'sitting', 'and']","['einem', 'hofgarten']",.

"['<s>', '<s>', 'a', 'man', 'in']","['<s>', '<s>']",ein
"['<s>', 'a', 'man', 'in', 'a']","['<s>', 'ein']",mann
"['a', 'man', 'in', 'a', 'lime']","['ein', 'mann']",in
"['man', 'in', 'a', 'lime', 'green']","['mann', 'in']",einem
"['in', 'a', 'lime', 'green', 'shirt']","['in', 'einem']",zitronengelben
"['a', 'lime', 'green', 'shirt', 'waits']","['einem', 'zitronengelben']",hemd
"['lime', 'green', 'shirt', 'waits', 'for']","['zitronengelben', 'hemd']",wartet
"['green', 'shirt', 'waits', 'for', 'the']","['hemd', 'wartet']",auf
"['shirt', 'waits', 'for', 'the', 'subway']","['wartet', 'auf']",die
"['waits', 'for', 'the', 'subway', 'while']","['auf', 'die']",u-bahn
"['for', 'the', 'subway', 'while', 'a']","['die', 'u-bahn']",","
"['the', 'subway', 'while', 'a', 'woman']","['u-bahn', ',']",während
"['subway', 'while', 'a', 'woman', 'films']","[',', 'während']",eine
"['while', 'a', 'woman', 'films', 'using']","['während', 'eine']",frau
"['a', 'woman', 'films', 'using', 'her']","['eine', 'frau']",mit
"['woman', 'films', 'using', 'her', 'phone']","['frau', 'mit']",ihrem
"['films', 'using', 'her', 'phone', '.']","['mit', 'ihrem']",handy
"['using', 'her', 'phone', '.', '</s>']","['ihrem', 'handy']",filmt
"['her', 'phone', '.', '</s>', '</s>']","['handy', 'filmt']",.

"['<s>', '<s>', 'young', 'people', 'in']","['<s>', '<s>']",junge
"['<s>', 'young', 'people', 'in', 'yellow']","['<s>', 'junge']",leute
"['young', 'people', 'in', 'yellow', 'shirts']","['junge', 'leute']",in
"['people', 'in', 'yellow', 'shirts', 'prepare']","['leute', 'in']",gelben
"['in', 'yellow', 'shirts', 'prepare', 'colorful']","['in', 'gelben']",hemden
"['yellow', 'shirts', 'prepare', 'colorful', 'food']","['gelben', 'hemden']",bereiten
"['shirts', 'prepare', 'colorful', 'food', '.']","['hemden', 'bereiten']",buntes
"['prepare', 'colorful', 'food', '.', '</s>']","['bereiten', 'buntes']",essen
"['colorful', 'food', '.', '</s>', '</s>']","['buntes', 'essen']",zu
"['.', '</s>', '</s>', '</s>']","['essen', 'zu']",.

"['<s>', '<s>', 'a', 'woman', 'in']","['<s>', '<s>']",eine
"['<s>', '<s>', 'a', 'woman', 'in']","['<s>', 'eine']",frau
"['<s>', 'a', 'woman', 'in', 'a']","['eine', 'frau']",mit
"['a', 'woman', 'in', 'a', 'yellow']","['frau', 'mit']",gelbem
"['woman', 'in', 'a', 'yellow', 'shirt']","['mit', 'gelbem']",oberteil
"['in', 'a', 'yellow', 'shirt', 'is']","['gelbem', 'oberteil']",hilft
"['in', 'a', 'yellow', 'shirt', 'is']","['oberteil', 'hilft']",einen
"['a', 'yellow', 'shirt', 'is', 'helping']","['hilft', 'einen']",kleinen
"['yellow', 'shirt', 'is', 'helping', 'a']","['einen', 'kleinen']",mädchen
"['shirt', 'is', 'helping', 'a', 'little']","['kleinen', 'mädchen']",mit
"['is', 'helping', 'a', 'little', 'girl']","['mädchen', 'mit']",rosafarbenen
"['is', 'helping', 'a', 'little', 'girl']","['mit', 'rosafarbenen']",oberteil
"['helping', 'a', 'little', 'girl', 'in']","['rosafarbenen', 'oberteil']",.

"['<s>', '<s>', 'youngsters', 'are', 'being']","['<s>', '<s>']",jugendlichen
"['<s>', '<s>', 'youngsters', 'are', 'being']","['<s>', 'jugendlichen']",werden
"['<s>', 'youngsters', 'are', 'being', 'served']","['jugendlichen', 'werden']",grüne
"['youngsters', 'are', 'being', 'served', 'green']","['werden', 'grüne']",eier
"['are', 'being', 'served', 'green', 'eggs']","['grüne', 'eier']",mit
"['being', 'served', 'green', 'eggs', 'and']","['eier', 'mit']",speck
"['served', 'green', 'eggs', 'and', 'ham']","['mit', 'speck']",serviert
"['green', 'eggs', 'and', 'ham', '.']","['speck', 'serviert']",.

"['<s>', '<s>', 'a', 'man', 'in']","['<s>', '<s>']",ein
"['<s>', 'a', 'man', 'in', 'a']","['<s>', 'ein']",mann
"['a', 'man', 'in', 'a', 'blue']","['ein', 'mann']",mit
"['man', 'in', 'a', 'blue', 'shirt']","['mann', 'mit']",blauem
"['in', 'a', 'blue', 'shirt', 'holding']","['mit', 'blauem']",hemd
"['a', 'blue', 'shirt', 'holding', 'a']","['blauem', 'hemd']",in
"['blue', 'shirt', 'holding', 'a', 'child']","['hemd', 'in']",einem
"['shirt', 'holding', 'a', 'child', 'while']","['in', 'einem']",baseballstadion
"['holding', 'a', 'child', 'while', 'holding']","['einem', 'baseballstadion']",","
"['a', 'child', 'while', 'holding', 'onto']","['baseballstadion', ',']",der
"['while', 'holding', 'onto', 'a', 'stroller']","[',', 'der']",ein
"['holding', 'onto', 'a', 'stroller', 'at']","['der', 'ein']",kind
"['onto', 'a', 'stroller', 'at', 'a']","['ein', 'kind']",hält
"['a', 'stroller', 'at', 'a', 'baseball']","['kind', 'hält']",und
"['stroller', 'at', 'a', 'baseball', 'stadium']","['hält', 'und']",sich
"['at', 'a', 'baseball', 'stadium', '.']","['und', 'sich']",selbst
"['a', 'baseball', 'stadium', '.', '</s>']","['sich', 'selbst']",an
"['baseball', 'stadium', '.', '</s>', '</s>']","['selbst', 'an']",einen
"['stadium', '.', '</s>', '</s>', '</s>']","['an', 'einen']",sportwagen
"['</s>', '</s>', '</s>']","['einen', 'sportwagen']",festhält
"['</s>', '</s>']","['sportwagen', 'festhält']",.

"['<s>', '<s>', 'little', 'boys', 'in']","['<s>', '<s>']",kleine
"['<s>', 'little', 'boys', 'in', 'white']","['<s>', 'kleine']",jungen
"['little', 'boys', 'in', 'white', 'karate']","['kleine', 'jungen']",in
"['boys', 'in', 'white', 'karate', 'uniforms']","['jungen', 'in']",weißen
"['in', 'white', 'karate', 'uniforms', 'performing']","['in', 'weißen']",karateuniformen
"['white', 'karate', 'uniforms', 'performing', 'their']","['weißen', 'karateuniformen']",","
"['karate', 'uniforms', 'performing', 'their', 'martial']","['karateuniformen', ',']",die
"['uniforms', 'performing', 'their', 'martial', 'arts']","[',', 'die']",in
"['performing', 'their', 'martial', 'arts', 'indoors']","['die', 'in']",innenräumen
"['their', 'martial', 'arts', 'indoors', '.']","['in', 'innenräumen']",kampfsport
"['martial', 'arts', 'indoors', '.', '</s>']","['innenräumen', 'kampfsport']",machen
"['arts', 'indoors', '.', '</s>', '</s>']","['kampfsport', 'machen']",.

"['<s>', '<s>', 'two', 'people', 'walking']","['<s>', '<s>']",zwei
"['<s>', 'two', 'people', 'walking', 'into']","['<s>', 'zwei']",personen
"['two', 'people', 'walking', 'into', 'a']","['zwei', 'personen']",","
"['people', 'walking', 'into', 'a', 'shadow']","['personen', ',']",die
"['walking', 'into', 'a', 'shadow', 'in']","[',', 'die']",in
"['into', 'a', 'shadow', 'in', 'one']","['die', 'in']",eine
"['a', 'shadow', 'in', 'one', 'direction']","['in', 'eine']",richtung
"['shadow', 'in', 'one', 'direction', 'while']","['eine', 'richtung']",in
"['in', 'one', 'direction', 'while', 'another']","['richtung', 'in']",einen
"['direction', 'while', 'another', 'walks', 'in']","['in', 'einen']",schatten
"['while', 'another', 'walks', 'in', 'the']","['einen', 'schatten']",gehen
"['another', 'walks', 'in', 'the', 'midst']","['schatten', 'gehen']",","
"['walks', 'in', 'the', 'midst', 'of']","['gehen', ',']",während
"['in', 'the', 'midst', 'of', 'it']","[',', 'während']",eine
"['the', 'midst', 'of', 'it', '.']","['während', 'eine']",andere
"['midst', 'of', 'it', '.', '</s>']","['eine', 'andere']",mitten
"['of', 'it', '.', '</s>', '</s>']","['andere', 'mitten']",im
"['it', '.', '</s>', '</s>', '</s>']","['mitten', 'im']",schatten
"['</s>', '</s>', '</s>']","['im', 'schatten']",geht
"['</s>', '</s>']","['schatten', 'geht']",.

"['<s>', '<s>', 'a', 'man', ',']","['<s>', '<s>']",ein
"['<s>', '<s>', 'a', 'man', ',']","['<s>', 'ein']",mann
"['<s>', 'a', 'man', ',', 'a']","['ein', 'mann']",","
"['a', 'man', ',', 'a', 'woman']","['mann', ',']",eine
"['man', ',', 'a', 'woman', 'with']","[',', 'eine']",frau
"[',', 'a', 'woman', 'with', 'a']","['eine', 'frau']",mit
"['a', 'woman', 'with', 'a', 'child']","['frau', 'mit']",einem
"['woman', 'with', 'a', 'child', 'in']","['mit', 'einem']",kind
"['with', 'a', 'child', 'in', 'a']","['einem', 'kind']",im
"['a', 'child', 'in', 'a', 'stroller']","['kind', 'im']",sportwagen
"['child', 'in', 'a', 'stroller', 'on']","['im', 'sportwagen']",auf
"['in', 'a', 'stroller', 'on', 'a']","['sportwagen', 'auf']",einer
"['a', 'stroller', 'on', 'a', 'crowded']","['auf', 'einer']",belebten
"['stroller', 'on', 'a', 'crowded', 'street']","['einer', 'belebten']",straße
"['on', 'a', 'crowded', 'street', '.']","['belebten', 'straße']",.

"['<s>', '<s>', 'the', 'man', 'is']","['<s>', '<s>']",der
"['<s>', 'the', 'man', 'is', 'aiming']","['<s>', 'der']",mann
"['the', 'man', 'is', 'aiming', 'to']","['der', 'mann']",zielt
"['man', 'is', 'aiming', 'to', 'shoot']","['mann', 'zielt']",","
"['is', 'aiming', 'to', 'shoot', 'something']","['zielt', ',']",um
"['aiming', 'to', 'shoot', 'something', 'while']","[',', 'um']",zu
"['to', 'shoot', 'something', 'while', 'his']","['um', 'zu']",schießen
"['shoot', 'something', 'while', 'his', 'dog']","['zu', 'schießen']",","
"['something', 'while', 'his', 'dog', 'watches']","['schießen', ',']",während
"['while', 'his', 'dog', 'watches', '.']","[',', 'während']",sein
"['his', 'dog', 'watches', '.', '</s>']","['während', 'sein']",hund
"['dog', 'watches', '.', '</s>', '</s>']","['sein', 'hund']",zusieht
"['.', '</s>', '</s>', '</s>']","['hund', 'zusieht']",.

"['<s>', '<s>', 'a', 'horse', 'is']","['<s>', '<s>']",ein
"['<s>', '<s>', 'a', 'horse', 'is']","['<s>', 'ein']",pferd
"['<s>', 'a', 'horse', 'is', 'walking']","['ein', 'pferd']",geht
"['a', 'horse', 'is', 'walking', 'beside']","['pferd', 'geht']",unter
"['horse', 'is', 'walking', 'beside', 'a']","['geht', 'unter']",einer
"['is', 'walking', 'beside', 'a', 'boat']","['unter', 'einer']",brücke
"['walking', 'beside', 'a', 'boat', 'under']","['einer', 'brücke']",neben
"['beside', 'a', 'boat', 'under', 'a']","['brücke', 'neben']",einem
"['a', 'boat', 'under', 'a', 'bridge']","['neben', 'einem']",boot
"['boat', 'under', 'a', 'bridge', '.']","['einem', 'boot']",.

"['<s>', '<s>', 'a', 'young', 'man']","['<s>', '<s>']",ein
"['<s>', '<s>', 'a', 'young', 'man']","['<s>', 'ein']",junger
"['<s>', 'a', 'young', 'man', 'is']","['ein', 'junger']",mann
"['a', 'young', 'man', 'is', 'sitting']","['junger', 'mann']",sitzt
"['young', 'man', 'is', 'sitting', 'at']","['mann', 'sitzt']",mit
"['man', 'is', 'sitting', 'at', 'a']","['sitzt', 'mit']",einem
"['is', 'sitting', 'at', 'a', 'table']","['mit', 'einem']",laptop
"['sitting', 'at', 'a', 'table', 'with']","['einem', 'laptop']",und
"['at', 'a', 'table', 'with', 'a']","['laptop', 'und']",kopfhörern
"['a', 'table', 'with', 'a', 'laptop']","['und', 'kopfhörern']",an
"['table', 'with', 'a', 'laptop', 'and']","['kopfhörern', 'an']",einem
"['with', 'a', 'laptop', 'and', 'earphones']","['an', 'einem']",tisch
"['a', 'laptop', 'and', 'earphones', '.']","['einem', 'tisch']",.

"['<s>', '<s>', 'a', 'man', 'is']","['<s>', '<s>']",ein
"['<s>', '<s>', 'a', 'man', 'is']","['<s>', 'ein']",mann
"['<s>', 'a', 'man', 'is', 'playing']","['ein', 'mann']",spielt
"['a', 'man', 'is', 'playing', 'the']","['mann', 'spielt']",auf
"['man', 'is', 'playing', 'the', 'banjo']","['spielt', 'auf']",einem
"['is', 'playing', 'the', 'banjo', 'at']","['auf', 'einem']",konzert
"['is', 'playing', 'the', 'banjo', 'at']","['einem', 'konzert']",banjo
"['playing', 'the', 'banjo', 'at', 'a']","['konzert', 'banjo']",.

"['<s>', '<s>', 'a', 'lady', 'with']","['<s>', '<s>']",eine
"['<s>', '<s>', 'a', 'lady', 'with']","['<s>', 'eine']",dame
"['<s>', 'a', 'lady', 'with', 'a']","['eine', 'dame']",mit
"['a', 'lady', 'with', 'a', 'satchel']","['dame', 'mit']",einer
"['lady', 'with', 'a', 'satchel', 'looks']","['mit', 'einer']",tasche
"['lady', 'with', 'a', 'satchel', 'looks']","['einer', 'tasche']",sieht
"['with', 'a', 'satchel', 'looks', 'at']","['tasche', 'sieht']",sich
"['a', 'satchel', 'looks', 'at', 'merchandise']","['sieht', 'sich']",flohmarktwaren
"['satchel', 'looks', 'at', 'merchandise', 'in']","['sich', 'flohmarktwaren']",an
"['satchel', 'looks', 'at', 'merchandise', 'in']","['flohmarktwaren', 'an']",.

"['<s>', '<s>', 'a', 'man', 'is']","['<s>', '<s>']",ein
"['<s>', 'a', 'man', 'is', 'snowboarding']","['<s>', 'ein']",mann
"['a', 'man', 'is', 'snowboarding', 'over']","['ein', 'mann']",fährt
"['man', 'is', 'snowboarding', 'over', 'a']","['mann', 'fährt']",mit
"['is', 'snowboarding', 'over', 'a', 'structure']","['fährt', 'mit']",einem
"['snowboarding', 'over', 'a', 'structure', 'on']","['mit', 'einem']",snowboard
"['over', 'a', 'structure', 'on', 'a']","['einem', 'snowboard']",über
"['a', 'structure', 'on', 'a', 'snowy']","['snowboard', 'über']",etwas
"['structure', 'on', 'a', 'snowy', 'hill']","['über', 'etwas']",auf
"['on', 'a', 'snowy', 'hill', '.']","['etwas', 'auf']",einem
"['a', 'snowy', 'hill', '.', '</s>']","['auf', 'einem']",verschneiten
"['snowy', 'hill', '.', '</s>', '</s>']","['einem', 'verschneiten']",hügel
"['.', '</s>', '</s>', '</s>']","['verschneiten', 'hügel']",.

"['<s>', '<s>', 'the', 'brown', 'dog']","['<s>', '<s>']",der
"['<s>', '<s>', 'the', 'brown', 'dog']","['<s>', 'der']",braune
"['<s>', 'the', 'brown', 'dog', 'is']","['der', 'braune']",hund
"['the', 'brown', 'dog', 'is', 'laying']","['braune', 'hund']",liegt
"['brown', 'dog', 'is', 'laying', 'down']","['hund', 'liegt']",auf
"['dog', 'is', 'laying', 'down', 'on']","['liegt', 'auf']",einem
"['dog', 'is', 'laying', 'down', 'on']","['auf', 'einem']",blauen
"['is', 'laying', 'down', 'on', 'a']","['einem', 'blauen']",betttuch
"['laying', 'down', 'on', 'a', 'blue']","['blauen', 'betttuch']",.

"['<s>', '<s>', 'a', 'man', 'in']","['<s>', '<s>']",ein
"['<s>', 'a', 'man', 'in', 'a']","['<s>', 'ein']",mann
"['a', 'man', 'in', 'a', 'black']","['ein', 'mann']",mit
"['man', 'in', 'a', 'black', 'shirt']","['mann', 'mit']",schwarzem
"['in', 'a', 'black', 'shirt', 'reading']","['mit', 'schwarzem']",hemd
"['a', 'black', 'shirt', 'reading', 'a']","['schwarzem', 'hemd']",","
"['black', 'shirt', 'reading', 'a', 'paper']","['hemd', ',']",der
"['shirt', 'reading', 'a', 'paper', '.']","[',', 'der']",eine
"['reading', 'a', 'paper', '.', '</s>']","['der', 'eine']",zeitung
"['a', 'paper', '.', '</s>', '</s>']","['eine', 'zeitung']",liest
"['.', '</s>', '</s>', '</s>']","['zeitung', 'liest']",.

"['<s>', '<s>', 'a', 'man', 'wearing']","['<s>', '<s>']",ein
"['<s>', '<s>', 'a', 'man', 'wearing']","['<s>', 'ein']",mann
"['<s>', 'a', 'man', 'wearing', 'glasses']","['ein', 'mann']",mit
"['a', 'man', 'wearing', 'glasses', 'and']","['mann', 'mit']",brille
"['man', 'wearing', 'glasses', 'and', 'a']","['mit', 'brille']",und
"['wearing', 'glasses', 'and', 'a', 'blue']","['brille', 'und']",blauer
"['glasses', 'and', 'a', 'blue', 'jacket']","['und', 'blauer']",jacke
"['and', 'a', 'blue', 'jacket', 'is']","['blauer', 'jacke']",lächelt
"['a', 'blue', 'jacket', 'is', 'smiling']","['jacke', 'lächelt']",","
"['blue', 'jacket', 'is', 'smiling', 'while']","['lächelt', ',']",während
"['jacket', 'is', 'smiling', 'while', 'men']","[',', 'während']",männer
"['jacket', 'is', 'smiling', 'while', 'men']","['während', 'männer']",hinter
"['is', 'smiling', 'while', 'men', 'behind']","['männer', 'hinter']",ihm
"['smiling', 'while', 'men', 'behind', 'him']","['hinter', 'ihm']",auf
"['while', 'men', 'behind', 'him', 'are']","['ihm', 'auf']",einem
"['men', 'behind', 'him', 'are', 'cooking']","['auf', 'einem']",grill
"['behind', 'him', 'are', 'cooking', 'on']","['einem', 'grill']",kochen
"['him', 'are', 'cooking', 'on', 'a']","['grill', 'kochen']",.

"['<s>', '<s>', 'a', 'guy', 'in']","['<s>', '<s>']",ein
"['<s>', '<s>', 'a', 'guy', 'in']","['<s>', 'ein']",mann
"['<s>', 'a', 'guy', 'in', 'a']","['ein', 'mann']",in
"['a', 'guy', 'in', 'a', 'leather']","['mann', 'in']",lederjacke
"['guy', 'in', 'a', 'leather', 'jacket']","['in', 'lederjacke']",","
"['in', 'a', 'leather', 'jacket', 'walking']","['lederjacke', ',']",der
"['a', 'leather', 'jacket', 'walking', 'by']","[',', 'der']",an
"['leather', 'jacket', 'walking', 'by', 'a']","['der', 'an']",einem
"['jacket', 'walking', 'by', 'a', 'corner']","['an', 'einem']",eckladen
"['walking', 'by', 'a', 'corner', 'store']","['einem', 'eckladen']",vorbeigeht
"['by', 'a', 'corner', 'store', '.']","['eckladen', 'vorbeigeht']",.

"['<s>', '<s>', 'a', 'group', 'of']","['<s>', '<s>']",eine
"['<s>', 'a', 'group', 'of', 'friends']","['<s>', 'eine']",gruppe
"['a', 'group', 'of', 'friends', 'stand']","['eine', 'gruppe']",von
"['group', 'of', 'friends', 'stand', 'in']","['gruppe', 'von']",freunden
"['of', 'friends', 'stand', 'in', 'front']","['von', 'freunden']",steht
"['friends', 'stand', 'in', 'front', 'of']","['freunden', 'steht']",vor
"['stand', 'in', 'front', 'of', 'art']","['steht', 'vor']",einem
"['in', 'front', 'of', 'art', 'they']","['vor', 'einem']",kunstwerk
"['front', 'of', 'art', 'they', 'have']","['einem', 'kunstwerk']",","
"['of', 'art', 'they', 'have', 'sprayed']","['kunstwerk', ',']",das
"['art', 'they', 'have', 'sprayed', 'for']","[',', 'das']",sie
"['they', 'have', 'sprayed', 'for', 'a']","['das', 'sie']",für
"['have', 'sprayed', 'for', 'a', 'picture']","['sie', 'für']",ein
"['sprayed', 'for', 'a', 'picture', '.']","['für', 'ein']",bild
"['for', 'a', 'picture', '.', '</s>']","['ein', 'bild']",gesprüht
"['a', 'picture', '.', '</s>', '</s>']","['bild', 'gesprüht']",haben
"['.', '</s>', '</s>', '</s>']","['gesprüht', 'haben']",.

"['<s>', '<s>', 'the', 'man', 'is']","['<s>', '<s>']",ein
"['<s>', '<s>', 'the', 'man', 'is']","['<s>', 'ein']",mann
"['<s>', 'the', 'man', 'is', 'doing']","['ein', 'mann']",macht
"['the', 'man', 'is', 'doing', 'stunts']","['mann', 'macht']",mit
"['man', 'is', 'doing', 'stunts', 'with']","['macht', 'mit']",seinem
"['is', 'doing', 'stunts', 'with', 'his']","['mit', 'seinem']",fahrrad
"['doing', 'stunts', 'with', 'his', 'bicycle']","['seinem', 'fahrrad']",kunststücke
"['stunts', 'with', 'his', 'bicycle', '.']","['fahrrad', 'kunststücke']",.

"['<s>', '<s>', 'a', 'woman', 'is']","['<s>', '<s>']",eine
"['<s>', '<s>', 'a', 'woman', 'is']","['<s>', 'eine']",frau
"['<s>', 'a', 'woman', 'is', 'looking']","['eine', 'frau']",blickt
"['a', 'woman', 'is', 'looking', 'at']","['frau', 'blickt']",auf
"['woman', 'is', 'looking', 'at', 'dressed']","['blickt', 'auf']",bekleidete
"['woman', 'is', 'looking', 'at', 'dressed']","['auf', 'bekleidete']",kopflose
"['is', 'looking', 'at', 'dressed', ',']","['bekleidete', 'kopflose']",puppen
"['looking', 'at', 'dressed', ',', 'headless']","['kopflose', 'puppen']",in
"['at', 'dressed', ',', 'headless', 'mannequins']","['puppen', 'in']",einem
"['dressed', ',', 'headless', 'mannequins', 'in']","['in', 'einem']",schaufenster
"['dressed', ',', 'headless', 'mannequins', 'in']","['einem', 'schaufenster']",.

"['<s>', '<s>', 'a', 'kid', 'standing']","['<s>', '<s>']",ein
"['<s>', 'a', 'kid', 'standing', 'in']","['<s>', 'ein']",kind
"['a', 'kid', 'standing', 'in', 'the']","['ein', 'kind']",","
"['kid', 'standing', 'in', 'the', 'middle']","['kind', ',']",das
"['standing', 'in', 'the', 'middle', 'of']","[',', 'das']",in
"['in', 'the', 'middle', 'of', 'a']","['das', 'in']",der
"['the', 'middle', 'of', 'a', 'dirt']","['in', 'der']",mitte
"['middle', 'of', 'a', 'dirt', 'road']","['der', 'mitte']",eines
"['of', 'a', 'dirt', 'road', '</s>']","['mitte', 'eines']",feldwegs
"['a', 'dirt', 'road', '</s>', '</s>']","['eines', 'feldwegs']",steht

"['<s>', '<s>', 'a', 'man', 'in']","['<s>', '<s>']",ein
"['<s>', 'a', 'man', 'in', 'a']","['<s>', 'ein']",mann
"['a', 'man', 'in', 'a', 'brown']","['ein', 'mann']",mit
"['man', 'in', 'a', 'brown', 'shirt']","['mann', 'mit']",braunem
"['in', 'a', 'brown', 'shirt', 'takes']","['mit', 'braunem']",hemd
"['a', 'brown', 'shirt', 'takes', 'a']","['braunem', 'hemd']",macht
"['brown', 'shirt', 'takes', 'a', 'picture']","['hemd', 'macht']",ein
"['shirt', 'takes', 'a', 'picture', 'of']","['macht', 'ein']",foto
"['takes', 'a', 'picture', 'of', 'something']","['ein', 'foto']",von
"['a', 'picture', 'of', 'something', 'on']","['foto', 'von']",etwas
"['picture', 'of', 'something', 'on', 'the']","['von', 'etwas']",","
"['of', 'something', 'on', 'the', 'ground']","['etwas', ',']",das
"['something', 'on', 'the', 'ground', 'in']","[',', 'das']",sich
"['on', 'the', 'ground', 'in', 'front']","['das', 'sich']",vor
"['the', 'ground', 'in', 'front', 'of']","['sich', 'vor']",ihm
"['ground', 'in', 'front', 'of', 'him']","['vor', 'ihm']",auf
"['in', 'front', 'of', 'him', '.']","['ihm', 'auf']",dem
"['front', 'of', 'him', '.', '</s>']","['auf', 'dem']",boden
"['of', 'him', '.', '</s>', '</s>']","['dem', 'boden']",befindet
"['.', '</s>', '</s>', '</s>']","['boden', 'befindet']",.

"['<s>', '<s>', 'people', 'sitting', 'in']","['<s>', '<s>']",leute
"['<s>', '<s>', 'people', 'sitting', 'in']","['<s>', 'leute']",sitzen
"['<s>', 'people', 'sitting', 'in', 'front']","['leute', 'sitzen']",vor
"['people', 'sitting', 'in', 'front', 'of']","['sitzen', 'vor']",anderen
"['sitting', 'in', 'front', 'of', 'other']","['vor', 'anderen']",leuten
"['sitting', 'in', 'front', 'of', 'other']","['anderen', 'leuten']",.

"['<s>', '<s>', 'a', 'man', 'wearing']","['<s>', '<s>']",ein
"['<s>', '<s>', 'a', 'man', 'wearing']","['<s>', 'ein']",mann
"['<s>', 'a', 'man', 'wearing', 'a']","['ein', 'mann']",mit
"['a', 'man', 'wearing', 'a', 'brown']","['mann', 'mit']",einem
"['man', 'wearing', 'a', 'brown', 't-shirt']","['mit', 'einem']",braunen
"['wearing', 'a', 'brown', 't-shirt', 'is']","['einem', 'braunen']",t-shirt
"['wearing', 'a', 'brown', 't-shirt', 'is']","['braunen', 't-shirt']",spricht
"['a', 'brown', 't-shirt', 'is', 'talking']","['t-shirt', 'spricht']",auf
"['brown', 't-shirt', 'is', 'talking', 'to']","['spricht', 'auf']",einem
"['t-shirt', 'is', 'talking', 'to', 'a']","['auf', 'einem']",open-air-konzert
"['is', 'talking', 'to', 'a', 'woman']","['einem', 'open-air-konzert']",zu
"['talking', 'to', 'a', 'woman', 'wearing']","['open-air-konzert', 'zu']",einer
"['talking', 'to', 'a', 'woman', 'wearing']","['zu', 'einer']",frau
"['to', 'a', 'woman', 'wearing', 'a']","['einer', 'frau']",mit
"['a', 'woman', 'wearing', 'a', 'flowered']","['frau', 'mit']",einem
"['woman', 'wearing', 'a', 'flowered', 'tank']","['mit', 'einem']",geblümten
"['wearing', 'a', 'flowered', 'tank', 'top']","['einem', 'geblümten']",pullunder
"['wearing', 'a', 'flowered', 'tank', 'top']","['geblümten', 'pullunder']",.

"['<s>', '<s>', 'two', 'girls', 'on']","['<s>', '<s>']",zwei
"['<s>', '<s>', 'two', 'girls', 'on']","['<s>', 'zwei']",mädchen
"['<s>', 'two', 'girls', 'on', 'the']","['zwei', 'mädchen']",am
"['two', 'girls', 'on', 'the', 'shore']","['mädchen', 'am']",strand
"['girls', 'on', 'the', 'shore', 'watch']","['am', 'strand']",beobachten
"['on', 'the', 'shore', 'watch', 'people']","['strand', 'beobachten']",leute
"['the', 'shore', 'watch', 'people', 'in']","['beobachten', 'leute']",in
"['the', 'shore', 'watch', 'people', 'in']","['leute', 'in']",einem
"['shore', 'watch', 'people', 'in', 'a']","['in', 'einem']",fischerboot
"['watch', 'people', 'in', 'a', 'boat']","['einem', 'fischerboot']",.

"['<s>', '<s>', 'two', 'bicycles', 'are']","['<s>', '<s>']",zwei
"['<s>', 'two', 'bicycles', 'are', 'standing']","['<s>', 'zwei']",fahrräder
"['two', 'bicycles', 'are', 'standing', 'behind']","['zwei', 'fahrräder']",stehen
"['bicycles', 'are', 'standing', 'behind', 'two']","['fahrräder', 'stehen']",hinter
"['are', 'standing', 'behind', 'two', 'people']","['stehen', 'hinter']",leuten
"['standing', 'behind', 'two', 'people', 'sitting']","['hinter', 'leuten']",","
"['behind', 'two', 'people', 'sitting', 'on']","['leuten', ',']",die
"['two', 'people', 'sitting', 'on', 'the']","[',', 'die']",auf
"['people', 'sitting', 'on', 'the', 'grass']","['die', 'auf']",dem
"['sitting', 'on', 'the', 'grass', 'near']","['auf', 'dem']",gras
"['on', 'the', 'grass', 'near', 'a']","['dem', 'gras']",in
"['the', 'grass', 'near', 'a', 'body']","['gras', 'in']",der
"['grass', 'near', 'a', 'body', 'of']","['in', 'der']",nähe
"['near', 'a', 'body', 'of', 'water']","['der', 'nähe']",eines
"['a', 'body', 'of', 'water', '.']","['nähe', 'eines']",gewässers
"['body', 'of', 'water', '.', '</s>']","['eines', 'gewässers']",sitzen
"['of', 'water', '.', '</s>', '</s>']","['gewässers', 'sitzen']",.

"['<s>', '<s>', 'two', 'old', 'men']","['<s>', '<s>']",zwei
"['<s>', 'two', 'old', 'men', 'sitting']","['<s>', 'zwei']",alte
"['two', 'old', 'men', 'sitting', 'on']","['zwei', 'alte']",männer
"['old', 'men', 'sitting', 'on', 'the']","['alte', 'männer']",sitzen
"['men', 'sitting', 'on', 'the', 'dock']","['männer', 'sitzen']",auf
"['sitting', 'on', 'the', 'dock', '.']","['sitzen', 'auf']",dem
"['on', 'the', 'dock', '.', '</s>']","['auf', 'dem']",kai
"['the', 'dock', '.', '</s>', '</s>']","['dem', 'kai']",.

"['<s>', '<s>', 'a', 'man', 'in']","['<s>', '<s>']",ein
"['<s>', 'a', 'man', 'in', 'a']","['<s>', 'ein']",mann
"['a', 'man', 'in', 'a', 'suit']","['ein', 'mann']",im
"['man', 'in', 'a', 'suit', 'and']","['mann', 'im']",anzug
"['in', 'a', 'suit', 'and', 'two']","['im', 'anzug']",und
"['a', 'suit', 'and', 'two', 'men']","['anzug', 'und']",zwei
"['suit', 'and', 'two', 'men', 'in']","['und', 'zwei']",männer
"['and', 'two', 'men', 'in', 'orange']","['zwei', 'männer']",mit
"['two', 'men', 'in', 'orange', 'vests']","['männer', 'mit']",orangefarbenen
"['men', 'in', 'orange', 'vests', 'standing']","['mit', 'orangefarbenen']",westen
"['in', 'orange', 'vests', 'standing', 'around']","['orangefarbenen', 'westen']",","
"['orange', 'vests', 'standing', 'around', '</s>']","['westen', ',']",die
"['vests', 'standing', 'around', '</s>', '</s>']","[',', 'die']",herumstehen

"['<s>', '<s>', 'a', 'small', 'child']","['<s>', '<s>']",ein
"['<s>', 'a', 'small', 'child', 'pushes']","['<s>', 'ein']",kleines
"['a', 'small', 'child', 'pushes', 'a']","['ein', 'kleines']",kind
"['small', 'child', 'pushes', 'a', 'stroller']","['kleines', 'kind']",schiebt
"['child', 'pushes', 'a', 'stroller', 'down']","['kind', 'schiebt']",einen
"['pushes', 'a', 'stroller', 'down', 'the']","['schiebt', 'einen']",sportwagen
"['a', 'stroller', 'down', 'the', 'street']","['einen', 'sportwagen']",die
"['stroller', 'down', 'the', 'street', '.']","['sportwagen', 'die']",straße
"['down', 'the', 'street', '.', '</s>']","['die', 'straße']",entlang
"['the', 'street', '.', '</s>', '</s>']","['straße', 'entlang']",.

"['<s>', '<s>', 'a', 'woman', 'at']","['<s>', '<s>']",eine
"['<s>', '<s>', 'a', 'woman', 'at']","['<s>', 'eine']",frau
"['<s>', 'a', 'woman', 'at', 'graduation']","['eine', 'frau']",bei
"['a', 'woman', 'at', 'graduation', 'without']","['frau', 'bei']",der
"['woman', 'at', 'graduation', 'without', 'a']","['bei', 'der']",graduierung
"['at', 'graduation', 'without', 'a', 'cap']","['der', 'graduierung']",ohne
"['graduation', 'without', 'a', 'cap', 'on']","['graduierung', 'ohne']",hut
"['without', 'a', 'cap', 'on', '.']","['ohne', 'hut']",.

"['<s>', '<s>', 'an', 'elder', 'man']","['<s>', '<s>']",ein
"['<s>', 'an', 'elder', 'man', 'overlooks']","['<s>', 'ein']",älterer
"['elder', 'man', 'overlooks', 'a', 'balcony']","['ein', 'älterer']",mann
"['man', 'overlooks', 'a', 'balcony', 'facing']","['älterer', 'mann']",blickt
"['a', 'balcony', 'facing', 'a', 'street']","['mann', 'blickt']",auf
"['balcony', 'facing', 'a', 'street', '.']","['blickt', 'auf']",einen
"['a', 'street', '.', '</s>', '</s>']","['auf', 'einen']",balkon
"['street', '.', '</s>', '</s>', '</s>']","['einen', 'balkon']",","
"['</s>', '</s>', '</s>']","['balkon', ',']",der
"['</s>', '</s>']","[',', 'der']",zu
[],"['der', 'zu']",einer
[],"['zu', 'einer']",straße
[],"['einer', 'straße']",hinaus
[],"['straße', 'hinaus']",geht
[],"['hinaus', 'geht']",.

"['<s>', '<s>', 'this', 'woman', 'is']","['<s>', '<s>']",diese
"['<s>', '<s>', 'this', 'woman', 'is']","['<s>', 'diese']",frau
"['<s>', 'this', 'woman', 'is', 'smiling']","['diese', 'frau']",sitzt
"['this', 'woman', 'is', 'smiling', 'and']","['frau', 'sitzt']",auf
"['woman', 'is', 'smiling', 'and', 'talking']","['sitzt', 'auf']",einer
"['is', 'smiling', 'and', 'talking', 'on']","['auf', 'einer']",steinmauer
"['is', 'smiling', 'and', 'talking', 'on']","['einer', 'steinmauer']",","
"['smiling', 'and', 'talking', 'on', 'the']","['steinmauer', ',']",lächelt
"['and', 'talking', 'on', 'the', 'phone']","[',', 'lächelt']",und
"['talking', 'on', 'the', 'phone', 'while']","['lächelt', 'und']",spricht
"['on', 'the', 'phone', 'while', 'sitting']","['und', 'spricht']",am
"['on', 'the', 'phone', 'while', 'sitting']","['spricht', 'am']",telefon
"['the', 'phone', 'while', 'sitting', 'on']","['am', 'telefon']",.

"['<s>', '<s>', 'three', 'dogs', 'in']","['<s>', '<s>']",drei
"['<s>', '<s>', 'three', 'dogs', 'in']","['<s>', 'drei']",hunde
"['<s>', 'three', 'dogs', 'in', 'a']","['drei', 'hunde']",in
"['three', 'dogs', 'in', 'a', 'field']","['hunde', 'in']",einem
"['dogs', 'in', 'a', 'field', 'looking']","['in', 'einem']",feld
"['in', 'a', 'field', 'looking', 'at']","['einem', 'feld']",blicken
"['a', 'field', 'looking', 'at', 'something']","['feld', 'blicken']",auf
"['field', 'looking', 'at', 'something', 'in']","['blicken', 'auf']",etwas
"['looking', 'at', 'something', 'in', 'the']","['auf', 'etwas']",im
"['at', 'something', 'in', 'the', 'grass']","['etwas', 'im']",gras
"['something', 'in', 'the', 'grass', '.']","['im', 'gras']",.

"['<s>', '<s>', 'three', 'children', ',']","['<s>', '<s>']",drei
"['<s>', '<s>', 'three', 'children', ',']","['<s>', 'drei']",kinder
"['<s>', 'three', 'children', ',', 'two']","['drei', 'kinder']",","
"['three', 'children', ',', 'two', 'girls']","['kinder', ',']",zwei
"['children', ',', 'two', 'girls', 'and']","[',', 'zwei']",mädchen
"['children', ',', 'two', 'girls', 'and']","['zwei', 'mädchen']",und
"[',', 'two', 'girls', 'and', 'one']","['mädchen', 'und']",ein
"['two', 'girls', 'and', 'one', 'boy']","['und', 'ein']",junge
"['girls', 'and', 'one', 'boy', ',']","['ein', 'junge']",","
"['and', 'one', 'boy', ',', 'in']","['junge', ',']",stehen
"['and', 'one', 'boy', ',', 'in']","[',', 'stehen']",in
"['one', 'boy', ',', 'in', 'martial']","['stehen', 'in']",kampfkunststellungen
"['boy', ',', 'in', 'martial', 'art']","['in', 'kampfkunststellungen']",auf
"[',', 'in', 'martial', 'art', 'stances']","['kampfkunststellungen', 'auf']",dem
"['in', 'martial', 'art', 'stances', ',']","['auf', 'dem']",parkettboden
"['in', 'martial', 'art', 'stances', ',']","['dem', 'parkettboden']",eines
"['martial', 'art', 'stances', ',', 'standing']","['parkettboden', 'eines']",großen
"['art', 'stances', ',', 'standing', 'on']","['eines', 'großen']",raums
"['stances', ',', 'standing', 'on', 'the']","['großen', 'raums']",.

"['<s>', '<s>', 'a', 'woman', 'sits']","['<s>', '<s>']",eine
"['<s>', '<s>', 'a', 'woman', 'sits']","['<s>', 'eine']",frau
"['<s>', 'a', 'woman', 'sits', 'on']","['eine', 'frau']",sitzt
"['a', 'woman', 'sits', 'on', 'a']","['frau', 'sitzt']",in
"['woman', 'sits', 'on', 'a', 'flower']","['sitzt', 'in']",einem
"['sits', 'on', 'a', 'flower', 'pot']","['in', 'einem']",überfüllten
"['on', 'a', 'flower', 'pot', 'at']","['einem', 'überfüllten']",cafe
"['on', 'a', 'flower', 'pot', 'at']","['überfüllten', 'cafe']",auf
"['a', 'flower', 'pot', 'at', 'a']","['cafe', 'auf']",einem
"['flower', 'pot', 'at', 'a', 'crowded']","['auf', 'einem']",blumentopf
"['pot', 'at', 'a', 'crowded', 'coffee']","['einem', 'blumentopf']",.

"['<s>', '<s>', 'a', 'boy', 'stands']","['<s>', '<s>']",ein
"['<s>', '<s>', 'a', 'boy', 'stands']","['<s>', 'ein']",junge
"['<s>', 'a', 'boy', 'stands', 'beside']","['ein', 'junge']",steht
"['a', 'boy', 'stands', 'beside', 'a']","['junge', 'steht']",an
"['boy', 'stands', 'beside', 'a', 'railing']","['steht', 'an']",einer
"['stands', 'beside', 'a', 'railing', 'at']","['an', 'einer']",go-kart-bahn
"['beside', 'a', 'railing', 'at', 'a']","['einer', 'go-kart-bahn']",neben
"['beside', 'a', 'railing', 'at', 'a']","['go-kart-bahn', 'neben']",einem
"['a', 'railing', 'at', 'a', 'go']","['neben', 'einem']",geländer
"['railing', 'at', 'a', 'go', 'kart']","['einem', 'geländer']",.

"['<s>', '<s>', 'a', 'white', 'bird']","['<s>', '<s>']",wein
"['<s>', '<s>', 'a', 'white', 'bird']","['<s>', 'wein']",weißer
"['<s>', 'a', 'white', 'bird', 'is']","['wein', 'weißer']",vogel
"['a', 'white', 'bird', 'is', 'standing']","['weißer', 'vogel']",steht
"['white', 'bird', 'is', 'standing', 'on']","['vogel', 'steht']",auf
"['bird', 'is', 'standing', 'on', 'a']","['steht', 'auf']",einer
"['bird', 'is', 'standing', 'on', 'a']","['auf', 'einer']",holzplattform
"['is', 'standing', 'on', 'a', 'wooden']","['einer', 'holzplattform']",.

"['<s>', '<s>', 'there', 'is', 'a']","['<s>', '<s>']",ein
"['<s>', '<s>', 'there', 'is', 'a']","['<s>', 'ein']",typ
"['<s>', 'there', 'is', 'a', 'guy']","['ein', 'typ']",mit
"['there', 'is', 'a', 'guy', 'wearing']","['typ', 'mit']",stelzen
"['there', 'is', 'a', 'guy', 'wearing']","['mit', 'stelzen']",spielt
"['is', 'a', 'guy', 'wearing', 'stilts']","['stelzen', 'spielt']",vor
"['a', 'guy', 'wearing', 'stilts', 'playing']","['spielt', 'vor']",einer
"['a', 'guy', 'wearing', 'stilts', 'playing']","['vor', 'einer']",wandmalerei
"['guy', 'wearing', 'stilts', 'playing', 'the']","['einer', 'wandmalerei']",posaune
"['wearing', 'stilts', 'playing', 'the', 'trombone']","['wandmalerei', 'posaune']",.

"['<s>', '<s>', 'two', 'young', 'boys']","['<s>', '<s>']",zwei
"['<s>', '<s>', 'two', 'young', 'boys']","['<s>', 'zwei']",jungen
"['<s>', 'two', 'young', 'boys', ',']","['zwei', 'jungen']",in
"['two', 'young', 'boys', ',', 'wearing']","['jungen', 'in']",unterwäsche
"['young', 'boys', ',', 'wearing', 'just']","['in', 'unterwäsche']",klettern
"['young', 'boys', ',', 'wearing', 'just']","['unterwäsche', 'klettern']",um
"['boys', ',', 'wearing', 'just', 'underwear']","['klettern', 'um']",ein
"[',', 'wearing', 'just', 'underwear', ',']","['um', 'ein']",fahrzeug
"['wearing', 'just', 'underwear', ',', 'climb']","['ein', 'fahrzeug']",herum
"['wearing', 'just', 'underwear', ',', 'climb']","['fahrzeug', 'herum']",.

"['<s>', '<s>', 'a', 'young', 'blond']","['<s>', '<s>']",ein
"['<s>', '<s>', 'a', 'young', 'blond']","['<s>', 'ein']",blondes
"['<s>', 'a', 'young', 'blond', 'girl']","['ein', 'blondes']",mädchen
"['a', 'young', 'blond', 'girl', 'in']","['blondes', 'mädchen']",in
"['young', 'blond', 'girl', 'in', 'a']","['mädchen', 'in']",rosafarbenem
"['blond', 'girl', 'in', 'a', 'pink']","['in', 'rosafarbenem']",oberteil
"['girl', 'in', 'a', 'pink', 'shirt']","['rosafarbenem', 'oberteil']",blickt
"['girl', 'in', 'a', 'pink', 'shirt']","['oberteil', 'blickt']",auf
"['in', 'a', 'pink', 'shirt', 'looks']","['blickt', 'auf']",eine
"['a', 'pink', 'shirt', 'looks', 'at']","['auf', 'eine']",große
"['pink', 'shirt', 'looks', 'at', 'a']","['eine', 'große']",gottesanbeterin
"['shirt', 'looks', 'at', 'a', 'large']","['große', 'gottesanbeterin']",auf
"['looks', 'at', 'a', 'large', 'praying']","['gottesanbeterin', 'auf']",ihrem
"['looks', 'at', 'a', 'large', 'praying']","['auf', 'ihrem']",arm
"['at', 'a', 'large', 'praying', 'mantis']","['ihrem', 'arm']",.

"['<s>', '<s>', 'a', 'man', 'dressed']","['<s>', '<s>']",ein
"['<s>', '<s>', 'a', 'man', 'dressed']","['<s>', 'ein']",weiß
"['<s>', 'a', 'man', 'dressed', 'in']","['ein', 'weiß']",gekleideter
"['a', 'man', 'dressed', 'in', 'white']","['weiß', 'gekleideter']",mann
"['a', 'man', 'dressed', 'in', 'white']","['gekleideter', 'mann']",mit
"['man', 'dressed', 'in', 'white', 'and']","['mann', 'mit']",brille
"['dressed', 'in', 'white', 'and', 'with']","['mit', 'brille']",isst
"['dressed', 'in', 'white', 'and', 'with']","['brille', 'isst']",etwas
"['in', 'white', 'and', 'with', 'glasses']","['isst', 'etwas']",.

"['<s>', '<s>', 'a', 'man', 'is']","['<s>', '<s>']",ein
"['<s>', '<s>', 'a', 'man', 'is']","['<s>', 'ein']",mann
"['<s>', 'a', 'man', 'is', 'fishing']","['ein', 'mann']",angelt
"['a', 'man', 'is', 'fishing', 'off']","['mann', 'angelt']",von
"['man', 'is', 'fishing', 'off', 'a']","['angelt', 'von']",einem
"['is', 'fishing', 'off', 'a', 'beach']","['von', 'einem']",strand
"['fishing', 'off', 'a', 'beach', 'into']","['einem', 'strand']",aus
"['off', 'a', 'beach', 'into', 'a']","['strand', 'aus']",in
"['a', 'beach', 'into', 'a', 'large']","['aus', 'in']",einem
"['beach', 'into', 'a', 'large', 'body']","['in', 'einem']",großen
"['into', 'a', 'large', 'body', 'of']","['einem', 'großen']",gewässer
"['a', 'large', 'body', 'of', 'water']","['großen', 'gewässer']",","
"['large', 'body', 'of', 'water', 'while']","['gewässer', ',']",während
"['body', 'of', 'water', 'while', 'a']","[',', 'während']",ein
"['of', 'water', 'while', 'a', 'young']","['während', 'ein']",junge
"['water', 'while', 'a', 'young', 'boy']","['ein', 'junge']",in
"['while', 'a', 'young', 'boy', 'carries']","['junge', 'in']",nicht
"['a', 'young', 'boy', 'carries', 'a']","['in', 'nicht']",allzu
"['young', 'boy', 'carries', 'a', 'net']","['nicht', 'allzu']",weiter
"['boy', 'carries', 'a', 'net', 'not']","['allzu', 'weiter']",entfernung
"['carries', 'a', 'net', 'not', 'too']","['weiter', 'entfernung']",ein
"['a', 'net', 'not', 'too', 'far']","['entfernung', 'ein']",netz
"['net', 'not', 'too', 'far', 'away']","['ein', 'netz']",trägt
"['not', 'too', 'far', 'away', '.']","['netz', 'trägt']",.

"['<s>', '<s>', 'the', 'soldier', 'is']","['<s>', '<s>']",der
"['<s>', 'the', 'soldier', 'is', 'standing']","['<s>', 'der']",soldat
"['the', 'soldier', 'is', 'standing', 'tall']","['der', 'soldat']",steht
"['soldier', 'is', 'standing', 'tall', 'as']","['soldat', 'steht']",aufrecht
"['is', 'standing', 'tall', 'as', 'he']","['steht', 'aufrecht']",","
"['standing', 'tall', 'as', 'he', 'observes']","['aufrecht', ',']",während
"['tall', 'as', 'he', 'observes', 'the']","[',', 'während']",er
"['as', 'he', 'observes', 'the', 'passing']","['während', 'er']",die
"['he', 'observes', 'the', 'passing', 'people']","['er', 'die']",vorbeigehenden
"['observes', 'the', 'passing', 'people', '.']","['die', 'vorbeigehenden']",menschen
"['the', 'passing', 'people', '.', '</s>']","['vorbeigehenden', 'menschen']",beobachtet
"['passing', 'people', '.', '</s>', '</s>']","['menschen', 'beobachtet']",.

"['<s>', '<s>', 'a', 'young', 'man']","['<s>', '<s>']",ein
"['<s>', 'a', 'young', 'man', 'in']","['<s>', 'ein']",junger
"['a', 'young', 'man', 'in', 'a']","['ein', 'junger']",mann
"['young', 'man', 'in', 'a', 'suit']","['junger', 'mann']",im
"['man', 'in', 'a', 'suit', 'standing']","['mann', 'im']",anzug
"['in', 'a', 'suit', 'standing', 'out']","['im', 'anzug']",fällt
"['a', 'suit', 'standing', 'out', 'from']","['anzug', 'fällt']",bei
"['suit', 'standing', 'out', 'from', 'the']","['fällt', 'bei']",etwas
"['standing', 'out', 'from', 'the', 'crowd']","['bei', 'etwas']",","
"['out', 'from', 'the', 'crowd', ',']","['etwas', ',']",das
"['from', 'the', 'crowd', ',', 'at']","[',', 'das']",eine
"['the', 'crowd', ',', 'at', 'what']","['das', 'eine']",kunstausstellung
"['crowd', ',', 'at', 'what', 'appears']","['eine', 'kunstausstellung']",zu
"[',', 'at', 'what', 'appears', 'to']","['kunstausstellung', 'zu']",sein
"['at', 'what', 'appears', 'to', 'be']","['zu', 'sein']",scheint
"['what', 'appears', 'to', 'be', 'an']","['sein', 'scheint']",","
"['appears', 'to', 'be', 'an', 'art']","['scheint', ',']",in
"['to', 'be', 'an', 'art', 'exhibition']","[',', 'in']",der
"['be', 'an', 'art', 'exhibition', '.']","['in', 'der']",masse
"['an', 'art', 'exhibition', '.', '</s>']","['der', 'masse']",auf
"['art', 'exhibition', '.', '</s>', '</s>']","['masse', 'auf']",.

"['<s>', '<s>', 'a', 'man', 'preparing']","['<s>', '<s>']",ein
"['<s>', 'a', 'man', 'preparing', 'fruit']","['<s>', 'ein']",mann
"['a', 'man', 'preparing', 'fruit', 'below']","['ein', 'mann']",","
"['man', 'preparing', 'fruit', 'below', 'a']","['mann', ',']",der
"['fruit', 'below', 'a', 'tree', '.']","[',', 'der']",unter
"['below', 'a', 'tree', '.', '</s>']","['der', 'unter']",einem
"['a', 'tree', '.', '</s>', '</s>']","['unter', 'einem']",baum
"['tree', '.', '</s>', '</s>', '</s>']","['einem', 'baum']",obst
"['</s>', '</s>', '</s>']","['baum', 'obst']",zubereitet
"['</s>', '</s>']","['obst', 'zubereitet']",.

"['<s>', '<s>', 'a', 'black', 'dog']","['<s>', '<s>']",ein
"['<s>', '<s>', 'a', 'black', 'dog']","['<s>', 'ein']",schwarzer
"['<s>', 'a', 'black', 'dog', 'is']","['ein', 'schwarzer']",hund
"['a', 'black', 'dog', 'is', 'coming']","['schwarzer', 'hund']",","
"['black', 'dog', 'is', 'coming', 'out']","['hund', ',']",der
"['dog', 'is', 'coming', 'out', 'of']","[',', 'der']",etwas
"['is', 'coming', 'out', 'of', 'the']","['der', 'etwas']",im
"['coming', 'out', 'of', 'the', 'ocean']","['etwas', 'im']",maul
"['out', 'of', 'the', 'ocean', 'water']","['im', 'maul']",hat
"['of', 'the', 'ocean', 'water', 'on']","['maul', 'hat']",","
"['the', 'ocean', 'water', 'on', 'the']","['hat', ',']",kommt
"['ocean', 'water', 'on', 'the', 'beach']","[',', 'kommt']",aus
"['water', 'on', 'the', 'beach', 'with']","['kommt', 'aus']",dem
"['on', 'the', 'beach', 'with', 'something']","['aus', 'dem']",meerwasser
"['the', 'beach', 'with', 'something', 'in']","['dem', 'meerwasser']",an
"['beach', 'with', 'something', 'in', 'its']","['meerwasser', 'an']",den
"['with', 'something', 'in', 'its', 'mouth']","['an', 'den']",strand
"['something', 'in', 'its', 'mouth', '.']","['den', 'strand']",.

"['<s>', '<s>', 'two', 'young', 'children']","['<s>', '<s>']",zwei
"['<s>', '<s>', 'two', 'young', 'children']","['<s>', 'zwei']",kleine
"['<s>', 'two', 'young', 'children', 'are']","['zwei', 'kleine']",kinder
"['two', 'young', 'children', 'are', 'playing']","['kleine', 'kinder']",spielen
"['young', 'children', 'are', 'playing', 'on']","['kinder', 'spielen']",am
"['children', 'are', 'playing', 'on', 'the']","['spielen', 'am']",strand
"['are', 'playing', 'on', 'the', 'beach']","['am', 'strand']",","
"['playing', 'on', 'the', 'beach', 'while']","['strand', ',']",ein
"['on', 'the', 'beach', 'while', 'a']","[',', 'ein']",mann
"['the', 'beach', 'while', 'a', 'man']","['ein', 'mann']",sieht
"['beach', 'while', 'a', 'man', 'watches']","['mann', 'sieht']",zu
"['while', 'a', 'man', 'watches', '.']","['sieht', 'zu']",.

"['<s>', '<s>', 'a', 'group', 'of']","['<s>', '<s>']",eine
"['<s>', '<s>', 'a', 'group', 'of']","['<s>', 'eine']",gruppe
"['<s>', 'a', 'group', 'of', 'people']","['eine', 'gruppe']",sitzt
"['a', 'group', 'of', 'people', 'are']","['gruppe', 'sitzt']",am
"['group', 'of', 'people', 'are', 'sitting']","['sitzt', 'am']",strand
"['group', 'of', 'people', 'are', 'sitting']","['am', 'strand']",und
"['of', 'people', 'are', 'sitting', 'at']","['strand', 'und']",beobachtet
"['people', 'are', 'sitting', 'at', 'a']","['und', 'beobachtet']",die
"['are', 'sitting', 'at', 'a', 'beach']","['beobachtet', 'die']",blue
"['sitting', 'at', 'a', 'beach', 'watching']","['die', 'blue']",angels
"['sitting', 'at', 'a', 'beach', 'watching']","['blue', 'angels']",.

"['<s>', '<s>', 'two', 'young', 'ladies']","['<s>', '<s>']",zwei
"['<s>', 'two', 'young', 'ladies', 'play']","['<s>', 'zwei']",junge
"['two', 'young', 'ladies', 'play', 'chess']","['zwei', 'junge']",damen
"['young', 'ladies', 'play', 'chess', 'in']","['junge', 'damen']",spielen
"['ladies', 'play', 'chess', 'in', 'a']","['damen', 'spielen']",in
"['play', 'chess', 'in', 'a', 'restaurant']","['spielen', 'in']",einem
"['chess', 'in', 'a', 'restaurant', '.']","['in', 'einem']",restaurant
"['in', 'a', 'restaurant', '.', '</s>']","['einem', 'restaurant']",schach
"['a', 'restaurant', '.', '</s>', '</s>']","['restaurant', 'schach']",.

"['<s>', '<s>', 'a', 'person', 'wearing']","['<s>', '<s>']",ein
"['<s>', 'a', 'person', 'wearing', 'a']","['<s>', 'ein']",person
"['a', 'person', 'wearing', 'a', 'long-sleeved']","['ein', 'person']",mit
"['person', 'wearing', 'a', 'long-sleeved', 'white']","['person', 'mit']",einem
"['wearing', 'a', 'long-sleeved', 'white', 'shirt']","['mit', 'einem']",langärmeligen
"['a', 'long-sleeved', 'white', 'shirt', 'is']","['einem', 'langärmeligen']",weißen
"['long-sleeved', 'white', 'shirt', 'is', 'weaving']","['langärmeligen', 'weißen']",hemd
"['white', 'shirt', 'is', 'weaving', 'with']","['weißen', 'hemd']",webt
"['shirt', 'is', 'weaving', 'with', 'yellow']","['hemd', 'webt']",etwas
"['is', 'weaving', 'with', 'yellow', 'thread']","['webt', 'etwas']",mit
"['weaving', 'with', 'yellow', 'thread', '.']","['etwas', 'mit']",einem
"['with', 'yellow', 'thread', '.', '</s>']","['mit', 'einem']",gelben
"['yellow', 'thread', '.', '</s>', '</s>']","['einem', 'gelben']",faden
"['.', '</s>', '</s>', '</s>']","['gelben', 'faden']",.

"['<s>', '<s>', 'two', 'women', 'are']","['<s>', '<s>']",zwei
"['<s>', '<s>', 'two', 'women', 'are']","['<s>', 'zwei']",frauen
"['<s>', 'two', 'women', 'are', 'jogging']","['zwei', 'frauen']",joggen
"['two', 'women', 'are', 'jogging', 'and']","['frauen', 'joggen']",und
"['women', 'are', 'jogging', 'and', 'three']","['joggen', 'und']",drei
"['women', 'are', 'jogging', 'and', 'three']","['und', 'drei']",männer
"['are', 'jogging', 'and', 'three', 'men']","['drei', 'männer']",gehen
"['jogging', 'and', 'three', 'men', 'are']","['männer', 'gehen']",auf
"['and', 'three', 'men', 'are', 'walking']","['gehen', 'auf']",einem
"['three', 'men', 'are', 'walking', 'on']","['auf', 'einem']",feldweg
"['three', 'men', 'are', 'walking', 'on']","['einem', 'feldweg']",.

"['<s>', '<s>', 'these', 'are', 'women']","['<s>', '<s>']",dies
"['<s>', '<s>', 'these', 'are', 'women']","['<s>', 'dies']",sind
"['<s>', 'these', 'are', 'women', 'members']","['dies', 'sind']",schwarz
"['these', 'are', 'women', 'members', 'of']","['sind', 'schwarz']",gekleidete
"['are', 'women', 'members', 'of', 'a']","['schwarz', 'gekleidete']",weibliche
"['women', 'members', 'of', 'a', 'musical']","['gekleidete', 'weibliche']",mitglieder
"['members', 'of', 'a', 'musical', 'symphony']","['weibliche', 'mitglieder']",einer
"['of', 'a', 'musical', 'symphony', 'dressed']","['mitglieder', 'einer']",blaskapelle
"['a', 'musical', 'symphony', 'dressed', 'in']","['einer', 'blaskapelle']",","
"['musical', 'symphony', 'dressed', 'in', 'black']","['blaskapelle', ',']",die
"['symphony', 'dressed', 'in', 'black', 'and']","[',', 'die']",vor
"['dressed', 'in', 'black', 'and', 'carrying']","['die', 'vor']",einem
"['in', 'black', 'and', 'carrying', 'red']","['vor', 'einem']",reich
"['black', 'and', 'carrying', 'red', 'flags']","['einem', 'reich']",verzierten
"['and', 'carrying', 'red', 'flags', 'outside']","['reich', 'verzierten']",gebäude
"['carrying', 'red', 'flags', 'outside', 'an']","['verzierten', 'gebäude']",rote
"['red', 'flags', 'outside', 'an', 'ornate']","['gebäude', 'rote']",fahnen
"['flags', 'outside', 'an', 'ornate', 'building']","['rote', 'fahnen']",tragen
"['outside', 'an', 'ornate', 'building', '.']","['fahnen', 'tragen']",.

"['<s>', '<s>', 'a', 'family', 'of']","['<s>', '<s>']",eine
"['<s>', '<s>', 'a', 'family', 'of']","['<s>', 'eine']",vierköpfige
"['<s>', 'a', 'family', 'of', 'four']","['eine', 'vierköpfige']",familie
"['a', 'family', 'of', 'four', 'watches']","['vierköpfige', 'familie']",betrachtet
"['family', 'of', 'four', 'watches', 'an']","['familie', 'betrachtet']",eine
"['family', 'of', 'four', 'watches', 'an']","['betrachtet', 'eine']",flugschau
"['of', 'four', 'watches', 'an', 'air']","['eine', 'flugschau']",.

"['<s>', '<s>', 'a', 'person', 'holding']","['<s>', '<s>']",eine
"['<s>', 'a', 'person', 'holding', 'a']","['<s>', 'eine']",person
"['a', 'person', 'holding', 'a', 'small']","['eine', 'person']",","
"['person', 'holding', 'a', 'small', 'dog']","['person', ',']",die
"['holding', 'a', 'small', 'dog', 'on']","[',', 'die']",einen
"['small', 'dog', 'on', 'a', 'leash']","['die', 'einen']",kleinen
"['dog', 'on', 'a', 'leash', 'is']","['einen', 'kleinen']",hund
"['on', 'a', 'leash', 'is', 'bending']","['kleinen', 'hund']",an
"['a', 'leash', 'is', 'bending', 'over']","['hund', 'an']",der
"['is', 'bending', 'over', 'and', 'looking']","['an', 'der']",leine
"['bending', 'over', 'and', 'looking', 'through']","['der', 'leine']",hält
"['over', 'and', 'looking', 'through', 'items']","['leine', 'hält']",","
"['and', 'looking', 'through', 'items', '.']","['hält', ',']",beugt
"['through', 'items', '.', '</s>', '</s>']","[',', 'beugt']",sich
"['items', '.', '</s>', '</s>', '</s>']","['beugt', 'sich']",nach
"['.', '</s>', '</s>', '</s>']","['sich', 'nach']",vor
"['</s>', '</s>', '</s>']","['nach', 'vor']",und
['</s>'],"['vor', 'und']",sieht
[],"['und', 'sieht']",sachen
[],"['sieht', 'sachen']",durch
[],"['sachen', 'durch']",.

"['<s>', '<s>', 'a', 'brown', 'dog']","['<s>', '<s>']",ein
"['<s>', 'a', 'brown', 'dog', 'carrying']","['<s>', 'ein']",brauner
"['a', 'brown', 'dog', 'carrying', 'a']","['ein', 'brauner']",hund
"['brown', 'dog', 'carrying', 'a', 'black']","['brauner', 'hund']",","
"['carrying', 'a', 'black', 'object', '.']","['hund', ',']",der
"['a', 'black', 'object', '.', '</s>']","[',', 'der']",ein
"['black', 'object', '.', '</s>', '</s>']","['der', 'ein']",schwarzes
"['object', '.', '</s>', '</s>', '</s>']","['ein', 'schwarzes']",objekt
"['</s>', '</s>', '</s>']","['schwarzes', 'objekt']",trägt
"['</s>', '</s>']","['objekt', 'trägt']",.

"['<s>', '<s>', 'a', 'frightened', 'little']","['<s>', '<s>']",ein
"['<s>', 'a', 'frightened', 'little', 'boy']","['<s>', 'ein']",kleiner
"['a', 'frightened', 'little', 'boy', 'being']","['ein', 'kleiner']",junge
"['frightened', 'little', 'boy', 'being', 'pulled']","['kleiner', 'junge']",","
"['little', 'boy', 'being', 'pulled', 'up']","['junge', ',']",der
"['boy', 'being', 'pulled', 'up', 'and']","[',', 'der']",sich
"['being', 'pulled', 'up', 'and', 'out']","['der', 'sich']",fürchtet
"['pulled', 'up', 'and', 'out', 'of']","['sich', 'fürchtet']",und
"['up', 'and', 'out', 'of', 'a']","['fürchtet', 'und']",von
"['and', 'out', 'of', 'a', 'pool']","['und', 'von']",seinem
"['out', 'of', 'a', 'pool', 'by']","['von', 'seinem']",vater
"['of', 'a', 'pool', 'by', 'his']","['seinem', 'vater']",aus
"['a', 'pool', 'by', 'his', 'father']","['vater', 'aus']",einem
"['pool', 'by', 'his', 'father', '.']","['aus', 'einem']",schwimmbecken
"['by', 'his', 'father', '.', '</s>']","['einem', 'schwimmbecken']",gezogen
"['his', 'father', '.', '</s>', '</s>']","['schwimmbecken', 'gezogen']",wird
"['.', '</s>', '</s>', '</s>']","['gezogen', 'wird']",.

"['<s>', '<s>', 'a', 'man', 'standing']","['<s>', '<s>']",ein
"['<s>', '<s>', 'a', 'man', 'standing']","['<s>', 'ein']",mann
"['<s>', 'a', 'man', 'standing', 'in']","['ein', 'mann']",","
"['a', 'man', 'standing', 'in', 'front']","['mann', ',']",der
"['man', 'standing', 'in', 'front', 'of']","[',', 'der']",vor
"['standing', 'in', 'front', 'of', 'several']","['der', 'vor']",mehreren
"['in', 'front', 'of', 'several', 'cliff']","['vor', 'mehreren']",felswänden
"['front', 'of', 'several', 'cliff', 'faces']","['mehreren', 'felswänden']",steht
"['of', 'several', 'cliff', 'faces', '.']","['felswänden', 'steht']",.

"['<s>', '<s>', 'two', 'people', 'and']","['<s>', '<s>']",zwei
"['<s>', '<s>', 'two', 'people', 'and']","['<s>', 'zwei']",personen
"['<s>', 'two', 'people', 'and', 'a']","['zwei', 'personen']",und
"['two', 'people', 'and', 'a', 'small']","['personen', 'und']",ein
"['people', 'and', 'a', 'small', 'white']","['und', 'ein']",kleiner
"['and', 'a', 'small', 'white', 'dog']","['ein', 'kleiner']",weißer
"['a', 'small', 'white', 'dog', 'are']","['kleiner', 'weißer']",hund
"['a', 'small', 'white', 'dog', 'are']","['weißer', 'hund']",spielen
"['small', 'white', 'dog', 'are', 'playing']","['hund', 'spielen']",im
"['white', 'dog', 'are', 'playing', 'at']","['spielen', 'im']",park
"['dog', 'are', 'playing', 'at', 'the']","['im', 'park']",.

"['<s>', '<s>', 'two', 'men', 'with']","['<s>', '<s>']",zwei
"['<s>', '<s>', 'two', 'men', 'with']","['<s>', 'zwei']",männer
"['<s>', 'two', 'men', 'with', 'long']","['zwei', 'männer']",mit
"['two', 'men', 'with', 'long', 'hair']","['männer', 'mit']",langen
"['men', 'with', 'long', 'hair', 'are']","['mit', 'langen']",haaren
"['with', 'long', 'hair', 'are', 'sitting']","['langen', 'haaren']",sitzen
"['long', 'hair', 'are', 'sitting', 'on']","['haaren', 'sitzen']",auf
"['hair', 'are', 'sitting', 'on', 'the']","['sitzen', 'auf']",dem
"['are', 'sitting', 'on', 'the', 'ground']","['auf', 'dem']",boden
"['sitting', 'on', 'the', 'ground', '.']","['dem', 'boden']",.

"['<s>', '<s>', 'members', 'of', 'a']","['<s>', '<s>']",mitglieder
"['<s>', '<s>', 'members', 'of', 'a']","['<s>', 'mitglieder']",einer
"['<s>', 'members', 'of', 'a', 'brass']","['mitglieder', 'einer']",blaskapelle
"['members', 'of', 'a', 'brass', 'band']","['einer', 'blaskapelle']",blicken
"['members', 'of', 'a', 'brass', 'band']","['blaskapelle', 'blicken']",auf
"['of', 'a', 'brass', 'band', 'look']","['blicken', 'auf']",ihre
"['a', 'brass', 'band', 'look', 'at']","['auf', 'ihre']",noten
"['brass', 'band', 'look', 'at', 'their']","['ihre', 'noten']",.

"['<s>', '<s>', 'a', 'man', 'is']","['<s>', '<s>']",ein
"['<s>', '<s>', 'a', 'man', 'is']","['<s>', 'ein']",mann
"['<s>', 'a', 'man', 'is', 'playing']","['ein', 'mann']",in
"['a', 'man', 'is', 'playing', 'a']","['mann', 'in']",einer
"['man', 'is', 'playing', 'a', 'dj']","['in', 'einer']",arkade
"['is', 'playing', 'a', 'dj', 'game']","['einer', 'arkade']",spielt
"['is', 'playing', 'a', 'dj', 'game']","['arkade', 'spielt']",ein
"['playing', 'a', 'dj', 'game', 'in']","['spielt', 'ein']",dj-spiel
"['a', 'dj', 'game', 'in', 'an']","['ein', 'dj-spiel']",.

"['<s>', '<s>', 'a', 'group', 'of']","['<s>', '<s>']",eine
"['<s>', '<s>', 'a', 'group', 'of']","['<s>', 'eine']",gruppe
"['<s>', 'a', 'group', 'of', 'women']","['eine', 'gruppe']",schwarz
"['a', 'group', 'of', 'women', 'dressed']","['gruppe', 'schwarz']",gekleideter
"['group', 'of', 'women', 'dressed', 'in']","['schwarz', 'gekleideter']",frauen
"['of', 'women', 'dressed', 'in', 'black']","['gekleideter', 'frauen']",","
"['of', 'women', 'dressed', 'in', 'black']","['frauen', ',']",die
"['women', 'dressed', 'in', 'black', 'playing']","[',', 'die']",vor
"['dressed', 'in', 'black', 'playing', 'musical']","['die', 'vor']",einem
"['in', 'black', 'playing', 'musical', 'instruments']","['vor', 'einem']",großen
"['black', 'playing', 'musical', 'instruments', 'in']","['einem', 'großen']",gebäude
"['playing', 'musical', 'instruments', 'in', 'front']","['großen', 'gebäude']",musikinstrumente
"['playing', 'musical', 'instruments', 'in', 'front']","['gebäude', 'musikinstrumente']",spielen
"['musical', 'instruments', 'in', 'front', 'of']","['musikinstrumente', 'spielen']",.

"['<s>', '<s>', 'one', 'man', 'is']","['<s>', '<s>']",ein
"['<s>', '<s>', 'one', 'man', 'is']","['<s>', 'ein']",mann
"['<s>', 'one', 'man', 'is', 'sitting']","['ein', 'mann']",sitzt
"['one', 'man', 'is', 'sitting', 'on']","['mann', 'sitzt']",auf
"['one', 'man', 'is', 'sitting', 'on']","['sitzt', 'auf']",einem
"['man', 'is', 'sitting', 'on', 'top']","['auf', 'einem']",schulbus
"['is', 'sitting', 'on', 'top', 'of']","['einem', 'schulbus']",","
"['is', 'sitting', 'on', 'top', 'of']","['schulbus', ',']",während
"['sitting', 'on', 'top', 'of', 'a']","[',', 'während']",ein
"['on', 'top', 'of', 'a', 'school']","['während', 'ein']",anderer
"['top', 'of', 'a', 'school', 'bus']","['ein', 'anderer']",mann
"['top', 'of', 'a', 'school', 'bus']","['anderer', 'mann']",mit
"['of', 'a', 'school', 'bus', ',']","['mann', 'mit']",passendem
"['a', 'school', 'bus', ',', 'while']","['mit', 'passendem']",hemd
"['a', 'school', 'bus', ',', 'while']","['passendem', 'hemd']",drinnen
"['school', 'bus', ',', 'while', 'another']","['hemd', 'drinnen']",steht
"['bus', ',', 'while', 'another', 'man']","['drinnen', 'steht']",.

"['<s>', '<s>', 'demonstrators', 'waiting', 'for']","['<s>', '<s>']",demonstranten
"['<s>', '<s>', 'demonstrators', 'waiting', 'for']","['<s>', 'demonstranten']",warten
"['<s>', 'demonstrators', 'waiting', 'for', 'the']","['demonstranten', 'warten']",darauf
"['demonstrators', 'waiting', 'for', 'the', 'policemen']","['warten', 'darauf']",","
"['waiting', 'for', 'the', 'policemen', 'to']","['darauf', ',']",dass
"['for', 'the', 'policemen', 'to', 'hear']","[',', 'dass']",polizisten
"['the', 'policemen', 'to', 'hear', 'their']","['dass', 'polizisten']",ihre
"['policemen', 'to', 'hear', 'their', 'grievances']","['polizisten', 'ihre']",beschwerden
"['to', 'hear', 'their', 'grievances', 'against']","['ihre', 'beschwerden']",gegen
"['hear', 'their', 'grievances', 'against', 'police']","['beschwerden', 'gegen']",polizeigewalt
"['their', 'grievances', 'against', 'police', 'oppression']","['gegen', 'polizeigewalt']",und
"['grievances', 'against', 'police', 'oppression', 'and']","['polizeigewalt', 'und']",brutalität
"['against', 'police', 'oppression', 'and', 'brutality']","['und', 'brutalität']",aufnehmen
"['police', 'oppression', 'and', 'brutality', '.']","['brutalität', 'aufnehmen']",.

