<s> <s> a girl playing,<s> <s>,ein
<s> a girl playing pool,<s> ein,mädchen
a girl playing pool at,ein mädchen,spielt
girl playing pool at a,mädchen spielt,in
playing pool at a pool,spielt in,einer
pool at a pool hall,in einer,billardhalle
at a pool hall .,einer billardhalle,billard
a pool hall . </s>,billardhalle billard,.
pool hall . </s> </s>,billard .,</s>
<s> <s> a man climbs,<s> <s>,ein
<s> <s> a man climbs,<s> ein,mann
<s> a man climbs up,ein mann,klettert
a man climbs up a,mann klettert,eine
man climbs up a cliff,klettert eine,felswand
climbs up a cliff and,eine felswand,hoch
up a cliff and reaches,felswand hoch,und
a cliff and reaches an,hoch und,erreicht
cliff and reaches an overhang,und erreicht,einen
and reaches an overhang .,erreicht einen,Überhang
reaches an overhang . </s>,einen Überhang,.
an overhang . </s> </s>,Überhang .,</s>
<s> <s> a group of,<s> <s>,eine
<s> a group of people,<s> eine,gruppe
a group of people walking,eine gruppe,geht
group of people walking across,gruppe geht,über
people walking across a rope,geht über,einen
walking across a rope bridge,über einen,seilbrücke
across a rope bridge .,einen seilbrücke,.
a rope bridge . </s>,seilbrücke .,</s>
<s> <s> young man alone,<s> <s>,ein
<s> <s> young man alone,<s> ein,junger
<s> young man alone on,ein junger,mann
young man alone on a,junger mann,alleine
man alone on a white-sand,mann alleine,an
alone on a white-sand beach,alleine an,einem
on a white-sand beach enjoys,an einem,strand
on a white-sand beach enjoys,einem strand,mit
a white-sand beach enjoys a,strand mit,weißem
white-sand beach enjoys a snack,mit weißem,sand
beach enjoys a snack under,weißem sand,isst
enjoys a snack under a,sand isst,eine
a snack under a beach,isst eine,kleinigkeit
a snack under a beach,eine kleinigkeit,unter
snack under a beach umbrella,kleinigkeit unter,einem
under a beach umbrella .,unter einem,strandschirm
a beach umbrella . </s>,einem strandschirm,.
beach umbrella . </s> </s>,strandschirm .,</s>
<s> <s> a man is,<s> <s>,ein
<s> <s> a man is,<s> ein,mann
<s> a man is performing,ein mann,gibt
a man is performing for,mann gibt,einer
man is performing for a,gibt einer,menschenmenge
is performing for a crowd,einer menschenmenge,eine
performing for a crowd on,menschenmenge eine,vorführung
for a crowd on a,eine vorführung,auf
a crowd on a tall,vorführung auf,einem
crowd on a tall unicycle,auf einem,hohen
on a tall unicycle .,einem hohen,einrad
a tall unicycle . </s>,hohen einrad,.
tall unicycle . </s> </s>,einrad .,</s>
<s> <s> a young boy,<s> <s>,ein
<s> <s> a young boy,<s> ein,junge
<s> a young boy runs,ein junge,","
a young boy runs down,"junge ,",der
young boy runs down a,", der",ein
boy runs down a field,der ein,namensschild
"runs down a field ,",ein namensschild,trägt
"down a field , wearing",namensschild trägt,","
"a field , wearing a","trägt ,",rennt
"field , wearing a name",", rennt",über
", wearing a name tag",rennt über,ein
wearing a name tag .,über ein,feld
a name tag . </s>,ein feld,.
name tag . </s> </s>,feld .,</s>
"<s> <s> earth , water",<s> <s>,erde
"<s> <s> earth , water",<s> erde,","
"<s> earth , water and","erde ,",wasser
"earth , water and sky",", wasser",und
", water and sky make",wasser und,himmel
water and sky make this,und himmel,machen
water and sky make this,himmel machen,diesen
and sky make this a,machen diesen,ort
sky make this a great,diesen ort,zu
make this a great spot,ort zu,einem
this a great spot a,zu einem,guten
a great spot a time,einem guten,platz
a great spot a time,guten platz,","
great spot a time out,"platz ,",um
spot a time out .,", um",auszuspannen
a time out . </s>,um auszuspannen,.
time out . </s> </s>,auszuspannen .,</s>
<s> <s> a young baby,<s> <s>,ein
<s> a young baby wearing,<s> ein,kleines
a young baby wearing blue,ein kleines,baby
young baby wearing blue sleepwear,kleines baby,mit
baby wearing blue sleepwear has,baby mit,blauem
wearing blue sleepwear has a,mit blauem,schlafanzug
blue sleepwear has a pacifier,blauem schlafanzug,hat
sleepwear has a pacifier in,schlafanzug hat,einen
has a pacifier in his,hat einen,schnuller
a pacifier in his mouth,einen schnuller,im
pacifier in his mouth and,schnuller im,mund
in his mouth and is,im mund,und
his mouth and is sleeping,mund und,schläft
mouth and is sleeping .,und schläft,.
and is sleeping . </s>,schläft .,</s>
<s> <s> a man and,<s> <s>,ein
<s> <s> a man and,<s> ein,mann
<s> a man and woman,ein mann,und
a man and woman walk,mann und,eine
man and woman walk down,und eine,frau
and woman walk down the,eine frau,gehen
woman walk down the street,frau gehen,zusammen
woman walk down the street,gehen zusammen,die
walk down the street together,zusammen die,straße
down the street together .,die straße,entlang
the street together . </s>,straße entlang,.
street together . </s> </s>,entlang .,</s>
<s> <s> a woman is,<s> <s>,eine
<s> a woman is smiling,<s> eine,frau
a woman is smiling and,eine frau,hinter
woman is smiling and reading,frau hinter,einer
is smiling and reading a,hinter einer,bud
smiling and reading a newspaper,einer bud,light-werbung
reading a newspaper behind a,bud light-werbung,lächelt
a newspaper behind a bud,light-werbung lächelt,und
newspaper behind a bud light,lächelt und,liest
behind a bud light advertisement,und liest,zeitung
a bud light advertisement .,liest zeitung,.
bud light advertisement . </s>,zeitung .,</s>
<s> <s> two people look,<s> <s>,zwei
<s> two people look over,<s> zwei,leute
two people look over a,zwei leute,blicken
people look over a terrace,leute blicken,über
look over a terrace wall,blicken über,eine
over a terrace wall .,über eine,terassenmauer
a terrace wall . </s>,eine terassenmauer,.
terrace wall . </s> </s>,terassenmauer .,</s>
<s> <s> a lady wearing,<s> <s>,eine
<s> a lady wearing a,<s> eine,dame
a lady wearing a bonnet,eine dame,mit
lady wearing a bonnet is,dame mit,einer
wearing a bonnet is sitting,mit einer,haube
a bonnet is sitting down,einer haube,sitzt
bonnet is sitting down with,haube sitzt,mit
is sitting down with her,sitzt mit,den
sitting down with her hands,mit den,händen
down with her hands on,den händen,im
with her hands on her,händen im,schoß
her hands on her lap,im schoß,da
hands on her lap .,schoß da,.
on her lap . </s>,da .,</s>
<s> <s> three workers are,<s> <s>,drei
<s> three workers are working,<s> drei,arbeiter
three workers are working on,drei arbeiter,arbeiten
workers are working on a,arbeiter arbeiten,auf
are working on a metal,arbeiten auf,einem
working on a metal roof,auf einem,metalldach
on a metal roof </s>,einem metalldach,.
a metal roof </s> </s>,metalldach .,</s>
<s> <s> a woman with,<s> <s>,eine
<s> a woman with ripped,<s> eine,frau
a woman with ripped jeans,eine frau,mit
woman with ripped jeans is,frau mit,gerissenen
with ripped jeans is laying,mit gerissenen,jeans
ripped jeans is laying on,gerissenen jeans,liegt
jeans is laying on the,jeans liegt,mit
is laying on the ground,liegt mit,dem
laying on the ground with,mit dem,unterarm
on the ground with her,dem unterarm,über
the ground with her forearm,unterarm über,dem
ground with her forearm over,über dem,gesicht
with her forearm over her,dem gesicht,auf
her forearm over her face,gesicht auf,dem
forearm over her face .,auf dem,boden
over her face . </s>,dem boden,.
her face . </s> </s>,boden .,</s>
<s> <s> woman walking with,<s> <s>,eine
<s> <s> woman walking with,<s> eine,frau
<s> woman walking with face,eine frau,","
<s> woman walking with face,"frau ,",die
woman walking with face painted,", die",mit
walking with face painted children,die mit,kindern
walking with face painted children,mit kindern,mit
with face painted children while,kindern mit,gesichtsbemalung
with face painted children while,mit gesichtsbemalung,unterwegs
face painted children while carrying,gesichtsbemalung unterwegs,ist
painted children while carrying a,unterwegs ist,und
painted children while carrying a,ist und,ein
children while carrying a screaming,und ein,schreiendes
children while carrying a screaming,ein schreiendes,kind
while carrying a screaming child,schreiendes kind,auf
carrying a screaming child .,kind auf,dem
carrying a screaming child .,auf dem,arm
a screaming child . </s>,dem arm,hat
a screaming child . </s>,arm hat,.
screaming child . </s> </s>,hat .,</s>
<s> <s> a chef with,<s> <s>,ein
<s> <s> a chef with,<s> ein,koch
<s> a chef with glasses,ein koch,mit

a chef with glasses cooks,koch mit,brille
chef with glasses cooks french,mit brille,bereitet
with glasses cooks french bread,brille bereitet,in
glasses cooks french bread in,bereitet in,einem
cooks french bread in a,in einem,riesigen
french bread in a giant,einem riesigen,ofen
bread in a giant oven,riesigen ofen,baguette
in a giant oven .,ofen baguette,zu
a giant oven . </s>,baguette zu,.
giant oven . </s> </s>,zu .,</s>
<s> <s> two people stand,<s> <s>,zwei
<s> two people stand outside,<s> zwei,personen
two people stand outside a,zwei personen,stehen
people stand outside a wine,personen stehen,vor
stand outside a wine shop,stehen vor,einem
outside a wine shop .,vor einem,weingeschäft
a wine shop . </s>,einem weingeschäft,.
wine shop . </s> </s>,weingeschäft .,</s>
<s> <s> a man and,<s> <s>,ein
<s> a man and a,<s> ein,mann
a man and a woman,ein mann,und
man and a woman tak,mann und,eine
and a woman tak outside,und eine,frau
a woman tak outside of,eine frau,sprechen
woman tak outside of a,frau sprechen,vor
tak outside of a coffee,sprechen vor,einem
outside of a coffee house,vor einem,kaffeehaus
of a coffee house .,einem kaffeehaus,miteinander
a coffee house . </s>,kaffeehaus miteinander,.
coffee house . </s> </s>,miteinander .,</s>
<s> <s> a silhouette of,<s> <s>,eine
<s> <s> a silhouette of,<s> eine,silhouette
<s> a silhouette of a,eine silhouette,eines
a silhouette of a kid,silhouette eines,kinds
silhouette of a kid playing,eines kinds,","
of a kid playing on,"kinds ,",das
a kid playing on a,", das",an
a kid playing on a,das an,einem
kid playing on a beach,an einem,strand
playing on a beach .,einem strand,spielt
on a beach . </s>,strand spielt,.
a beach . </s> </s>,spielt .,</s>
<s> <s> a man wearing,<s> <s>,ein
<s> <s> a man wearing,<s> ein,mann
<s> a man wearing shorts,ein mann,","
"a man wearing shorts ,","mann ,",der
"man wearing shorts , sandals",", der",kurze
"wearing shorts , sandals ,",der kurze,hosen
"shorts , sandals , and",kurze hosen,","
"shorts , sandals , and","hosen ,",sandalen
", sandals , and a",", sandalen",und
"sandals , and a black",sandalen und,ein
", and a black shirt",und ein,schwarzes
and a black shirt is,ein schwarzes,hemd
a black shirt is talking,schwarzes hemd,trägt
black shirt is talking on,hemd trägt,","
black shirt is talking on,"trägt ,",spricht
shirt is talking on his,", spricht",auf
is talking on his cellphone,spricht auf,seinem
talking on his cellphone .,auf seinem,handy
on his cellphone . </s>,seinem handy,.
his cellphone . </s> </s>,handy .,</s>
<s> <s> two men talk,<s> <s>,zwei
<s> <s> two men talk,<s> zwei,männer
<s> two men talk in,zwei männer,sprechen
two men talk in a,männer sprechen,in
men talk in a restaurant,sprechen in,einer
talk in a restaurant kitchen,in einer,restaurantküche
in a restaurant kitchen .,einer restaurantküche,miteinander
a restaurant kitchen . </s>,restaurantküche miteinander,.
restaurant kitchen . </s> </s>,miteinander .,</s>
<s> <s> a young girl,<s> <s>,ein
<s> <s> a young girl,<s> ein,mädchen
<s> a young girl sits,ein mädchen,sitzt
a young girl sits on,mädchen sitzt,auf
young girl sits on a,sitzt auf,einem
girl sits on a rock,auf einem,felsen
sits on a rock overlooking,einem felsen,und
on a rock overlooking a,felsen und,blickt
on a rock overlooking a,und blickt,auf
a rock overlooking a large,blickt auf,ein
rock overlooking a large field,auf ein,großes
overlooking a large field .,ein großes,feld
a large field . </s>,großes feld,.
large field . </s> </s>,feld .,</s>
<s> <s> a man in,<s> <s>,ein
<s> <s> a man in,<s> ein,mann
<s> a man in a,ein mann,mit
a man in a green,mann mit,einer
a man in a green,mit einer,grünen
man in a green hat,einer grünen,mütze
in a green hat running,grünen mütze,","
a green hat running .,"mütze ,",der
a green hat running .,", der",rennt
green hat running . </s>,der rennt,.
hat running . </s> </s>,rennt .,</s>
<s> <s> two males running,<s> <s>,zwei
<s> <s> two males running,<s> zwei,männliche
"<s> two males running ,",zwei männliche,personen
"two males running , one",männliche personen,","
"males running , one wearing","personen ,",die
"running , one wearing red",", die",rennen
"running , one wearing red",die rennen,","
", one wearing red and","rennen ,",im
one wearing red and white,", im",freien
"wearing red and white ,",im freien,","
"red and white , the","freien ,",an
"and white , the other",", an",einem
"and white , the other",an einem,wolkigen
"white , the other navy",einem wolkigen,tag
", the other navy blue",wolkigen tag,;
the other navy blue and,tag ;,einer
other navy blue and black,; einer,trägt
other navy blue and black,einer trägt,rot
"navy blue and black ,",trägt rot,und
"blue and black , outside",rot und,weiß
"and black , outside on",und weiß,","
"black , outside on a","weiß ,",der
", outside on a cloudy",", der",andere
", outside on a cloudy",der andere,marineblau
outside on a cloudy day,andere marineblau,und
on a cloudy day .,marineblau und,schwarz
a cloudy day . </s>,und schwarz,.
cloudy day . </s> </s>,schwarz .,</s>
<s> <s> a little boy,<s> <s>,ein
<s> <s> a little boy,<s> ein,kleiner
<s> a little boy in,ein kleiner,junge
a little boy in a,kleiner junge,in
little boy in a yellow,junge in,einem
boy in a yellow shirt,in einem,gelben
in a yellow shirt walking,einem gelben,hemd
a yellow shirt walking on,gelben hemd,geht
yellow shirt walking on stones,hemd geht,auf
shirt walking on stones .,geht auf,steinen
walking on stones . </s>,auf steinen,.
on stones . </s> </s>,steinen .,</s>
<s> <s> a crowd of,<s> <s>,eine
<s> <s> a crowd of,<s> eine,aus
<s> a crowd of men,eine aus,männern
a crowd of men and,aus männern,und
crowd of men and women,männern und,frauen
of men and women sitting,und frauen,bestehende
men and women sitting and,frauen bestehende,menschenmenge
and women sitting and standing,bestehende menschenmenge,sitzt
women sitting and standing by,menschenmenge sitzt,bzw.
sitting and standing by a,sitzt bzw.,steht
and standing by a we,bzw. steht,bei
standing by a we are,steht bei,einem
by a we are demanding,bei einem,schild
a we are demanding sign,einem schild,mit
we are demanding sign .,schild mit,forderungen
are demanding sign . </s>,mit forderungen,.
demanding sign . </s> </s>,forderungen .,</s>
<s> <s> five asian friends,<s> <s>,fünf
<s> <s> five asian friends,<s> fünf,asiatische
<s> five asian friends posing,fünf asiatische,freund
five asian friends posing together,asiatische freund,posieren
asian friends posing together for,freund posieren,zusammen
friends posing together for a,posieren zusammen,für
posing together for a picture,zusammen für,ein
together for a picture .,für ein,foto
for a picture . </s>,ein foto,.
a picture . </s> </s>,foto .,</s>
<s> <s> four women and,<s> <s>,vier
<s> four women and one,<s> vier,frauen
four women and one man,vier frauen,und
women and one man sitting,frauen und,ein
and one man sitting on,und ein,mann
one man sitting on the,ein mann,sitzen
man sitting on the sidewalk,mann sitzen,mit
sitting on the sidewalk with,sitzen mit,schlafsäcken
on the sidewalk with sleeping,mit schlafsäcken,auf
the sidewalk with sleeping bags,schlafsäcken auf,dem
sidewalk with sleeping bags .,auf dem,bürgersteig
with sleeping bags . </s>,dem bürgersteig,.
sleeping bags . </s> </s>,bürgersteig .,</s>
<s> <s> a lot of,<s> <s>,viele
<s> a lot of people,<s> viele,warm
a lot of people bundled,viele warm,angezogene
of people bundled up together,warm angezogene,menschen
people bundled up together </s>,angezogene menschen,</s>
<s> <s> three young people,<s> <s>,drei
<s> <s> three young people,<s> drei,junge
<s> three young people are,drei junge,leute
three young people are snuggling,junge leute,kuscheln
young people are snuggling under,leute kuscheln,sich
people are snuggling under a,kuscheln sich,unter
are snuggling under a blanket,sich unter,eine
snuggling under a blanket on,unter eine,decke
under a blanket on a,eine decke,auf
a blanket on a sidewalk,decke auf,einem
blanket on a sidewalk .,auf einem,gehweg
on a sidewalk . </s>,einem gehweg,.
a sidewalk . </s> </s>,gehweg .,</s>
<s> <s> two people are,<s> <s>,zwei
<s> two people are taking,<s> zwei,personen
two people are taking pictures,zwei personen,machen
people are taking pictures .,personen machen,fotos
are taking pictures . </s>,machen fotos,.
taking pictures . </s> </s>,fotos .,</s>

<s> <s> three women and,<s> <s>,drei
<s> <s> three women and,<s> drei,frauen
<s> three women and a,drei frauen,und
three women and a man,frauen und,ein
women and a man in,und ein,mann
and a man in a,ein mann,mit
a man in a hat,mann mit,hut
man in a hat sitting,mit hut,sitzen
in a hat sitting cross,hut sitzen,mit
a hat sitting cross legged,sitzen mit,gekreuzten
hat sitting cross legged in,mit gekreuzten,beinen
sitting cross legged in a,gekreuzten beinen,in
cross legged in a group,beinen in,einer
legged in a group .,in einer,gruppe
in a group . </s>,einer gruppe,.
a group . </s> </s>,gruppe .,</s>
<s> <s> there is an,<s> <s>,da
<s> <s> there is an,<s> da,ist
<s> there is an asian,da ist,ein
there is an asian girl,ist ein,asiatisches
there is an asian girl,ein asiatisches,mädchen
is an asian girl holding,asiatisches mädchen,","
an asian girl holding a,"mädchen ,",das
asian girl holding a green,", das",ein
asian girl holding a green,das ein,grünes
girl holding a green sign,ein grünes,schild
holding a green sign protesting,grünes schild,hält
a green sign protesting .,schild hält,und
a green sign protesting .,hält und,protestiert
green sign protesting . </s>,und protestiert,.
sign protesting . </s> </s>,protestiert .,</s>
<s> <s> a man videotaping,<s> <s>,ein
<s> <s> a man videotaping,<s> ein,mann
<s> a man videotaping a,ein mann,","
a man videotaping a group,"mann ,",der
man videotaping a group of,", der",ein
videotaping a group of people,der ein,video
videotaping a group of people,ein video,von
a group of people in,video von,einer
group of people in front,von einer,gruppe
of people in front of,einer gruppe,vor
people in front of a,gruppe vor,einem
people in front of a,vor einem,„
in front of a from,einem „,from
front of a from new,„ from,new
of a from new york,from new,york
a from new york banner,new york,“
a from new york banner,york “,-banner
from new york banner .,“ -banner,macht
new york banner . </s>,-banner macht,.
york banner . </s> </s>,macht .,</s>
<s> <s> people in a,<s> <s>,leute
<s> people in a courtyard,<s> leute,stehen
people in a courtyard plaza,leute stehen,und
in a courtyard plaza are,stehen und,sitzen
a courtyard plaza are sitting,und sitzen,in
courtyard plaza are sitting and,sitzen in,einem
plaza are sitting and standing,in einem,hofgarten
are sitting and standing .,einem hofgarten,.
sitting and standing . </s>,hofgarten .,</s>
<s> <s> a man in,<s> <s>,ein
<s> <s> a man in,<s> ein,mann
<s> a man in a,ein mann,in
a man in a lime,mann in,einem
man in a lime green,in einem,zitronengelben
in a lime green shirt,einem zitronengelben,hemd
a lime green shirt waits,zitronengelben hemd,wartet
lime green shirt waits for,hemd wartet,auf
green shirt waits for the,wartet auf,die
shirt waits for the subway,auf die,u-bahn
waits for the subway while,die u-bahn,","
for the subway while a,"u-bahn ,",während
the subway while a woman,", während",eine
subway while a woman films,während eine,frau
while a woman films using,eine frau,mit
a woman films using her,frau mit,ihrem
woman films using her phone,mit ihrem,handy
films using her phone .,ihrem handy,filmt
using her phone . </s>,handy filmt,.
her phone . </s> </s>,filmt .,</s>
<s> <s> young people in,<s> <s>,junge
<s> <s> young people in,<s> junge,leute
<s> young people in yellow,junge leute,in
young people in yellow shirts,leute in,gelben
people in yellow shirts prepare,in gelben,hemden
in yellow shirts prepare colorful,gelben hemden,bereiten
in yellow shirts prepare colorful,hemden bereiten,buntes
yellow shirts prepare colorful food,bereiten buntes,essen
shirts prepare colorful food .,buntes essen,zu
prepare colorful food . </s>,essen zu,.
colorful food . </s> </s>,zu .,</s>
<s> <s> a woman in,<s> <s>,eine
<s> a woman in a,<s> eine,frau
a woman in a yellow,eine frau,mit
woman in a yellow shirt,frau mit,gelbem
in a yellow shirt is,mit gelbem,oberteil
a yellow shirt is helping,gelbem oberteil,hilft
yellow shirt is helping a,oberteil hilft,einen
is helping a little girl,hilft einen,kleinen
helping a little girl in,einen kleinen,mädchen
a little girl in a,kleinen mädchen,mit
little girl in a pink,mädchen mit,rosafarbenen
girl in a pink shirt,mit rosafarbenen,oberteil
in a pink shirt .,rosafarbenen oberteil,.
a pink shirt . </s>,oberteil .,</s>
<s> <s> youngsters are being,<s> <s>,jugendlichen
<s> youngsters are being served,<s> jugendlichen,werden
youngsters are being served green,jugendlichen werden,grüne
are being served green eggs,werden grüne,eier
being served green eggs and,grüne eier,mit
served green eggs and ham,eier mit,speck
green eggs and ham .,mit speck,serviert
eggs and ham . </s>,speck serviert,.
and ham . </s> </s>,serviert .,</s>
<s> <s> a man in,<s> <s>,ein
<s> <s> a man in,<s> ein,mann
<s> a man in a,ein mann,mit
a man in a blue,mann mit,blauem
man in a blue shirt,mit blauem,hemd
in a blue shirt holding,blauem hemd,in
a blue shirt holding a,hemd in,einem
blue shirt holding a child,in einem,baseballstadion
blue shirt holding a child,einem baseballstadion,","
shirt holding a child while,"baseballstadion ,",der
holding a child while holding,", der",ein
a child while holding onto,der ein,kind
child while holding onto a,ein kind,hält
while holding onto a stroller,kind hält,und
holding onto a stroller at,hält und,sich
holding onto a stroller at,und sich,selbst
onto a stroller at a,sich selbst,an
a stroller at a baseball,selbst an,einen
stroller at a baseball stadium,an einen,sportwagen
at a baseball stadium .,einen sportwagen,festhält
a baseball stadium . </s>,sportwagen festhält,.
baseball stadium . </s> </s>,festhält .,</s>
<s> <s> little boys in,<s> <s>,kleine
<s> <s> little boys in,<s> kleine,jungen
<s> little boys in white,kleine jungen,in
little boys in white karate,jungen in,weißen
boys in white karate uniforms,in weißen,karateuniformen
in white karate uniforms performing,weißen karateuniformen,","
white karate uniforms performing their,"karateuniformen ,",die
karate uniforms performing their martial,", die",in
uniforms performing their martial arts,die in,innenräumen
performing their martial arts indoors,in innenräumen,kampfsport
their martial arts indoors .,innenräumen kampfsport,machen
martial arts indoors . </s>,kampfsport machen,.
arts indoors . </s> </s>,machen .,</s>
<s> <s> two people walking,<s> <s>,zwei
<s> <s> two people walking,<s> zwei,personen
<s> two people walking into,zwei personen,","
two people walking into a,"personen ,",die
people walking into a shadow,", die",in
walking into a shadow in,die in,eine
into a shadow in one,in eine,richtung
a shadow in one direction,eine richtung,in
a shadow in one direction,richtung in,einen
shadow in one direction while,in einen,schatten
in one direction while another,einen schatten,gehen
one direction while another walks,schatten gehen,","
direction while another walks in,"gehen ,",während
while another walks in the,", während",eine
another walks in the midst,während eine,andere
another walks in the midst,eine andere,mitten
walks in the midst of,andere mitten,im
in the midst of it,mitten im,schatten
the midst of it .,im schatten,geht
midst of it . </s>,schatten geht,.
of it . </s> </s>,geht .,</s>
"<s> <s> a man ,",<s> <s>,ein
"<s> a man , a",<s> ein,mann
"a man , a woman",ein mann,","
"man , a woman with","mann ,",eine
", a woman with a",", eine",frau
a woman with a child,eine frau,mit
woman with a child in,frau mit,einem
with a child in a,mit einem,kind
a child in a stroller,einem kind,im
child in a stroller on,kind im,sportwagen
in a stroller on a,im sportwagen,auf
a stroller on a crowded,sportwagen auf,einer
stroller on a crowded street,auf einer,belebten
on a crowded street .,einer belebten,straße
a crowded street . </s>,belebten straße,.
crowded street . </s> </s>,straße .,</s>
<s> <s> the man is,<s> <s>,der
<s> <s> the man is,<s> der,mann
<s> the man is aiming,der mann,zielt
the man is aiming to,mann zielt,","
man is aiming to shoot,"zielt ,",um
is aiming to shoot something,", um",zu
aiming to shoot something while,um zu,schießen
to shoot something while his,zu schießen,","
to shoot something while his,"schießen ,",während
shoot something while his dog,", während",sein
something while his dog watches,während sein,hund
while his dog watches .,sein hund,zusieht
his dog watches . </s>,hund zusieht,.
dog watches . </s> </s>,zusieht .,</s>

<s> <s> a horse is,<s> <s>,ein
<s> a horse is walking,<s> ein,pferd
a horse is walking beside,ein pferd,geht
horse is walking beside a,pferd geht,unter
is walking beside a boat,geht unter,einer
walking beside a boat under,unter einer,brücke
beside a boat under a,einer brücke,neben
a boat under a bridge,brücke neben,einem
boat under a bridge .,neben einem,boot
under a bridge . </s>,einem boot,.
a bridge . </s> </s>,boot .,</s>
<s> <s> a young man,<s> <s>,ein
<s> a young man is,<s> ein,junger
a young man is sitting,ein junger,mann
young man is sitting at,junger mann,sitzt
man is sitting at a,mann sitzt,mit
is sitting at a table,sitzt mit,einem
sitting at a table with,mit einem,laptop
at a table with a,einem laptop,und
a table with a laptop,laptop und,kopfhörern
table with a laptop and,und kopfhörern,an
with a laptop and earphones,kopfhörern an,einem
a laptop and earphones .,an einem,tisch
laptop and earphones . </s>,einem tisch,.
and earphones . </s> </s>,tisch .,</s>
<s> <s> a man is,<s> <s>,ein
<s> a man is playing,<s> ein,mann
a man is playing the,ein mann,spielt
man is playing the banjo,mann spielt,auf
is playing the banjo at,spielt auf,einem
playing the banjo at a,auf einem,konzert
the banjo at a concert,einem konzert,banjo
banjo at a concert .,konzert banjo,.
at a concert . </s>,banjo .,</s>
<s> <s> a lady with,<s> <s>,eine
<s> a lady with a,<s> eine,dame
a lady with a satchel,eine dame,mit
lady with a satchel looks,dame mit,einer
with a satchel looks at,mit einer,tasche
a satchel looks at merchandise,einer tasche,sieht
looks at merchandise in a,tasche sieht,sich
at merchandise in a flea,sieht sich,flohmarktwaren
merchandise in a flea market,sich flohmarktwaren,an
in a flea market .,flohmarktwaren an,.
a flea market . </s>,an .,</s>
<s> <s> a man is,<s> <s>,ein
<s> <s> a man is,<s> ein,mann
<s> a man is snowboarding,ein mann,fährt
a man is snowboarding over,mann fährt,mit
man is snowboarding over a,fährt mit,einem
is snowboarding over a structure,mit einem,snowboard
snowboarding over a structure on,einem snowboard,über
over a structure on a,snowboard über,etwas
over a structure on a,über etwas,auf
a structure on a snowy,etwas auf,einem
structure on a snowy hill,auf einem,verschneiten
on a snowy hill .,einem verschneiten,hügel
a snowy hill . </s>,verschneiten hügel,.
snowy hill . </s> </s>,hügel .,</s>
<s> <s> the brown dog,<s> <s>,der
<s> the brown dog is,<s> der,braune
the brown dog is laying,der braune,hund
brown dog is laying down,braune hund,liegt
dog is laying down on,hund liegt,auf
is laying down on a,liegt auf,einem
laying down on a blue,auf einem,blauen
down on a blue sheet,einem blauen,betttuch
on a blue sheet .,blauen betttuch,.
a blue sheet . </s>,betttuch .,</s>
<s> <s> a man in,<s> <s>,ein
<s> <s> a man in,<s> ein,mann
<s> a man in a,ein mann,mit
a man in a black,mann mit,schwarzem
man in a black shirt,mit schwarzem,hemd
in a black shirt reading,schwarzem hemd,","
a black shirt reading a,"hemd ,",der
a black shirt reading a,", der",eine
black shirt reading a paper,der eine,zeitung
shirt reading a paper .,eine zeitung,liest
reading a paper . </s>,zeitung liest,.
a paper . </s> </s>,liest .,</s>
<s> <s> a man wearing,<s> <s>,ein
<s> a man wearing glasses,<s> ein,mann
a man wearing glasses and,ein mann,mit
man wearing glasses and a,mann mit,brille
wearing glasses and a blue,mit brille,und
glasses and a blue jacket,brille und,blauer
and a blue jacket is,und blauer,jacke
a blue jacket is smiling,blauer jacke,lächelt
blue jacket is smiling while,jacke lächelt,","
jacket is smiling while men,"lächelt ,",während
is smiling while men behind,", während",männer
smiling while men behind him,während männer,hinter
while men behind him are,männer hinter,ihm
men behind him are cooking,hinter ihm,auf
behind him are cooking on,ihm auf,einem
him are cooking on a,auf einem,grill
are cooking on a grill,einem grill,kochen
cooking on a grill .,grill kochen,.
on a grill . </s>,kochen .,</s>
<s> <s> a guy in,<s> <s>,ein
<s> a guy in a,<s> ein,mann
a guy in a leather,ein mann,in
guy in a leather jacket,mann in,lederjacke
in a leather jacket walking,in lederjacke,","
a leather jacket walking by,"lederjacke ,",der
leather jacket walking by a,", der",an
jacket walking by a corner,der an,einem
walking by a corner store,an einem,eckladen
by a corner store .,einem eckladen,vorbeigeht
a corner store . </s>,eckladen vorbeigeht,.
corner store . </s> </s>,vorbeigeht .,</s>
<s> <s> a group of,<s> <s>,eine
<s> <s> a group of,<s> eine,gruppe
<s> a group of friends,eine gruppe,von
a group of friends stand,gruppe von,freunden
group of friends stand in,von freunden,steht
of friends stand in front,freunden steht,vor
friends stand in front of,steht vor,einem
stand in front of art,vor einem,kunstwerk
in front of art they,einem kunstwerk,","
front of art they have,"kunstwerk ,",das
front of art they have,", das",sie
of art they have sprayed,das sie,für
art they have sprayed for,sie für,ein
they have sprayed for a,für ein,bild
have sprayed for a picture,ein bild,gesprüht
sprayed for a picture .,bild gesprüht,haben
for a picture . </s>,gesprüht haben,.
a picture . </s> </s>,haben .,</s>
<s> <s> the man is,<s> <s>,ein
<s> the man is doing,<s> ein,mann
the man is doing stunts,ein mann,macht
man is doing stunts with,mann macht,mit
is doing stunts with his,macht mit,seinem
doing stunts with his bicycle,mit seinem,fahrrad
stunts with his bicycle .,seinem fahrrad,kunststücke
with his bicycle . </s>,fahrrad kunststücke,.
his bicycle . </s> </s>,kunststücke .,</s>
<s> <s> a woman is,<s> <s>,eine
<s> a woman is looking,<s> eine,frau
a woman is looking at,eine frau,blickt
woman is looking at dressed,frau blickt,auf
"is looking at dressed ,",blickt auf,bekleidete
"looking at dressed , headless",auf bekleidete,kopflose
"dressed , headless mannequins in",bekleidete kopflose,puppen
", headless mannequins in a",kopflose puppen,in
headless mannequins in a store,puppen in,einem
mannequins in a store display,in einem,schaufenster
in a store display .,einem schaufenster,.
a store display . </s>,schaufenster .,</s>
<s> <s> a kid standing,<s> <s>,ein
<s> <s> a kid standing,<s> ein,kind
<s> a kid standing in,ein kind,","
a kid standing in the,"kind ,",das
kid standing in the middle,", das",in
standing in the middle of,das in,der
in the middle of a,in der,mitte
the middle of a dirt,der mitte,eines
middle of a dirt road,mitte eines,feldwegs
of a dirt road </s>,eines feldwegs,steht
a dirt road </s> </s>,feldwegs steht,</s>
<s> <s> a man in,<s> <s>,ein
<s> <s> a man in,<s> ein,mann
<s> a man in a,ein mann,mit
a man in a brown,mann mit,braunem
man in a brown shirt,mit braunem,hemd
in a brown shirt takes,braunem hemd,macht
a brown shirt takes a,hemd macht,ein
brown shirt takes a picture,macht ein,foto
shirt takes a picture of,ein foto,von
takes a picture of something,foto von,etwas
a picture of something on,von etwas,","
a picture of something on,"etwas ,",das
picture of something on the,", das",sich
of something on the ground,das sich,vor
something on the ground in,sich vor,ihm
on the ground in front,vor ihm,auf
the ground in front of,ihm auf,dem
ground in front of him,auf dem,boden
in front of him .,dem boden,befindet
front of him . </s>,boden befindet,.
of him . </s> </s>,befindet .,</s>
<s> <s> people sitting in,<s> <s>,leute
<s> people sitting in front,<s> leute,sitzen
people sitting in front of,leute sitzen,vor
sitting in front of other,sitzen vor,anderen
in front of other people,vor anderen,leuten
front of other people .,anderen leuten,.
of other people . </s>,leuten .,</s>
<s> <s> a man wearing,<s> <s>,ein
<s> a man wearing a,<s> ein,mann
a man wearing a brown,ein mann,mit
man wearing a brown t-shirt,mann mit,einem
wearing a brown t-shirt is,mit einem,braunen
a brown t-shirt is talking,einem braunen,t-shirt
brown t-shirt is talking to,braunen t-shirt,spricht
is talking to a woman,t-shirt spricht,auf
talking to a woman wearing,spricht auf,einem
to a woman wearing a,auf einem,open-air-konzert

a woman wearing a flowered,einem open-air-konzert,zu
woman wearing a flowered tank,open-air-konzert zu,einer
wearing a flowered tank top,zu einer,frau
flowered tank top at an,einer frau,mit
tank top at an outdoor,frau mit,einem
top at an outdoor music,mit einem,geblümten
at an outdoor music concert,einem geblümten,pullunder
an outdoor music concert .,geblümten pullunder,.
outdoor music concert . </s>,pullunder .,</s>
<s> <s> two girls on,<s> <s>,zwei
<s> two girls on the,<s> zwei,mädchen
two girls on the shore,zwei mädchen,am
girls on the shore watch,mädchen am,strand
on the shore watch people,am strand,beobachten
the shore watch people in,strand beobachten,leute
shore watch people in a,beobachten leute,in
watch people in a boat,leute in,einem
people in a boat fish,in einem,fischerboot
in a boat fish .,einem fischerboot,.
a boat fish . </s>,fischerboot .,</s>
<s> <s> two bicycles are,<s> <s>,zwei
<s> <s> two bicycles are,<s> zwei,fahrräder
<s> two bicycles are standing,zwei fahrräder,stehen
two bicycles are standing behind,fahrräder stehen,hinter
bicycles are standing behind two,stehen hinter,leuten
are standing behind two people,hinter leuten,","
standing behind two people sitting,"leuten ,",die
behind two people sitting on,", die",auf
two people sitting on the,die auf,dem
people sitting on the grass,auf dem,gras
sitting on the grass near,dem gras,in
on the grass near a,gras in,der
the grass near a body,in der,nähe
grass near a body of,der nähe,eines
near a body of water,nähe eines,gewässers
a body of water .,eines gewässers,sitzen
body of water . </s>,gewässers sitzen,.
of water . </s> </s>,sitzen .,</s>
<s> <s> two old men,<s> <s>,zwei
<s> <s> two old men,<s> zwei,alte
<s> two old men sitting,zwei alte,männer
two old men sitting on,alte männer,sitzen
old men sitting on the,männer sitzen,auf
men sitting on the dock,sitzen auf,dem
sitting on the dock .,auf dem,kai
on the dock . </s>,dem kai,.
the dock . </s> </s>,kai .,</s>
<s> <s> a man in,<s> <s>,ein
<s> <s> a man in,<s> ein,mann
<s> a man in a,ein mann,im
a man in a suit,mann im,anzug
man in a suit and,im anzug,und
in a suit and two,anzug und,zwei
a suit and two men,und zwei,männer
suit and two men in,zwei männer,mit
and two men in orange,männer mit,orangefarbenen
two men in orange vests,mit orangefarbenen,westen
men in orange vests standing,orangefarbenen westen,","
in orange vests standing around,"westen ,",die
orange vests standing around </s>,", die",herumstehen
vests standing around </s> </s>,die herumstehen,</s>
<s> <s> a small child,<s> <s>,ein
<s> <s> a small child,<s> ein,kleines
<s> a small child pushes,ein kleines,kind
a small child pushes a,kleines kind,schiebt
small child pushes a stroller,kind schiebt,einen
child pushes a stroller down,schiebt einen,sportwagen
pushes a stroller down the,einen sportwagen,die
a stroller down the street,sportwagen die,straße
stroller down the street .,die straße,entlang
down the street . </s>,straße entlang,.
the street . </s> </s>,entlang .,</s>
<s> <s> a woman at,<s> <s>,eine
<s> a woman at graduation,<s> eine,frau
a woman at graduation without,eine frau,bei
woman at graduation without a,frau bei,der
at graduation without a cap,bei der,graduierung
graduation without a cap on,der graduierung,ohne
without a cap on .,graduierung ohne,hut
a cap on . </s>,ohne hut,.
cap on . </s> </s>,hut .,</s>
<s> <s> an elder man,<s> <s>,ein
<s> <s> an elder man,<s> ein,älterer
<s> an elder man overlooks,ein älterer,mann
<s> an elder man overlooks,älterer mann,blickt
an elder man overlooks a,mann blickt,auf
elder man overlooks a balcony,blickt auf,einen
elder man overlooks a balcony,auf einen,balkon
man overlooks a balcony facing,einen balkon,","
overlooks a balcony facing a,"balkon ,",der
overlooks a balcony facing a,", der",zu
a balcony facing a street,der zu,einer
a balcony facing a street,zu einer,straße
balcony facing a street .,einer straße,hinaus
facing a street . </s>,straße hinaus,geht
facing a street . </s>,hinaus geht,.
a street . </s> </s>,geht .,</s>
<s> <s> this woman is,<s> <s>,diese
<s> this woman is smiling,<s> diese,frau
this woman is smiling and,diese frau,sitzt
woman is smiling and talking,frau sitzt,auf
is smiling and talking on,sitzt auf,einer
smiling and talking on the,auf einer,steinmauer
and talking on the phone,einer steinmauer,","
on the phone while sitting,"steinmauer ,",lächelt
the phone while sitting on,", lächelt",und
phone while sitting on a,lächelt und,spricht
while sitting on a stone,und spricht,am
sitting on a stone wall,spricht am,telefon
on a stone wall .,am telefon,.
a stone wall . </s>,telefon .,</s>
<s> <s> three dogs in,<s> <s>,drei
<s> three dogs in a,<s> drei,hunde
three dogs in a field,drei hunde,in
dogs in a field looking,hunde in,einem
in a field looking at,in einem,feld
a field looking at something,einem feld,blicken
field looking at something in,feld blicken,auf
looking at something in the,blicken auf,etwas
at something in the grass,auf etwas,im
something in the grass .,etwas im,gras
in the grass . </s>,im gras,.
the grass . </s> </s>,gras .,</s>
"<s> <s> three children ,",<s> <s>,drei
"<s> three children , two",<s> drei,kinder
"three children , two girls",drei kinder,","
"children , two girls and","kinder ,",zwei
", two girls and one",", zwei",mädchen
"girls and one boy ,",zwei mädchen,und
"and one boy , in",mädchen und,ein
"one boy , in martial",und ein,junge
"boy , in martial art",ein junge,","
", in martial art stances","junge ,",stehen
"martial art stances , standing",", stehen",in
"art stances , standing on",stehen in,kampfkunststellungen
"stances , standing on the",in kampfkunststellungen,auf
", standing on the hard-wood",kampfkunststellungen auf,dem
standing on the hard-wood floor,auf dem,parkettboden
the hard-wood floor of a,dem parkettboden,eines
hard-wood floor of a large,parkettboden eines,großen
floor of a large room,eines großen,raums
of a large room .,großen raums,.
a large room . </s>,raums .,</s>
<s> <s> a woman sits,<s> <s>,eine
<s> a woman sits on,<s> eine,frau
a woman sits on a,eine frau,sitzt
woman sits on a flower,frau sitzt,in
sits on a flower pot,sitzt in,einem
on a flower pot at,in einem,überfüllten
a flower pot at a,einem überfüllten,cafe
flower pot at a crowded,überfüllten cafe,auf
pot at a crowded coffee,cafe auf,einem
at a crowded coffee shop,auf einem,blumentopf
a crowded coffee shop .,einem blumentopf,.
crowded coffee shop . </s>,blumentopf .,</s>
<s> <s> a boy stands,<s> <s>,ein
<s> a boy stands beside,<s> ein,junge
a boy stands beside a,ein junge,steht
boy stands beside a railing,junge steht,an
stands beside a railing at,steht an,einer
beside a railing at a,an einer,go-kart-bahn
a railing at a go,einer go-kart-bahn,neben
railing at a go kart,go-kart-bahn neben,einem
at a go kart track,neben einem,geländer
a go kart track .,einem geländer,.
go kart track . </s>,geländer .,</s>
<s> <s> a white bird,<s> <s>,wein
<s> a white bird is,<s> wein,weißer
a white bird is standing,wein weißer,vogel
white bird is standing on,weißer vogel,steht
bird is standing on a,vogel steht,auf
is standing on a wooden,steht auf,einer
standing on a wooden platform,auf einer,holzplattform
on a wooden platform .,einer holzplattform,.
a wooden platform . </s>,holzplattform .,</s>
<s> <s> there is a,<s> <s>,ein
<s> there is a guy,<s> ein,typ
there is a guy wearing,ein typ,mit
a guy wearing stilts playing,typ mit,stelzen
guy wearing stilts playing the,mit stelzen,spielt
wearing stilts playing the trombone,stelzen spielt,vor
playing the trombone in front,spielt vor,einer
the trombone in front of,vor einer,wandmalerei
trombone in front of a,einer wandmalerei,posaune
front of a mural .,wandmalerei posaune,.
of a mural . </s>,posaune .,</s>
<s> <s> two young boys,<s> <s>,zwei
"<s> two young boys ,",<s> zwei,jungen
"two young boys , wearing",zwei jungen,in
"young boys , wearing just",jungen in,unterwäsche
"boys , wearing just underwear",in unterwäsche,klettern
", wearing just underwear ,",unterwäsche klettern,um
"just underwear , climb around",klettern um,ein
"underwear , climb around a",um ein,fahrzeug
", climb around a vehicle",ein fahrzeug,herum
climb around a vehicle .,fahrzeug herum,.
around a vehicle . </s>,herum .,</s>
<s> <s> a young blond,<s> <s>,ein
<s> a young blond girl,<s> ein,blondes
a young blond girl in,ein blondes,mädchen

young blond girl in a,blondes mädchen,in
blond girl in a pink,mädchen in,rosafarbenem
girl in a pink shirt,in rosafarbenem,oberteil
in a pink shirt looks,rosafarbenem oberteil,blickt
a pink shirt looks at,oberteil blickt,auf
shirt looks at a large,blickt auf,eine
looks at a large praying,auf eine,große
at a large praying mantis,eine große,gottesanbeterin
a large praying mantis on,große gottesanbeterin,auf
large praying mantis on her,gottesanbeterin auf,ihrem
praying mantis on her arm,auf ihrem,arm
mantis on her arm .,ihrem arm,.
on her arm . </s>,arm .,</s>
<s> <s> a man dressed,<s> <s>,ein
<s> a man dressed in,<s> ein,weiß
a man dressed in white,ein weiß,gekleideter
man dressed in white and,weiß gekleideter,mann
in white and with glasses,gekleideter mann,mit
white and with glasses having,mann mit,brille
and with glasses having something,mit brille,isst
glasses having something to eat,brille isst,etwas
having something to eat .,isst etwas,.
something to eat . </s>,etwas .,</s>
<s> <s> a man is,<s> <s>,ein
<s> a man is fishing,<s> ein,mann
a man is fishing off,ein mann,angelt
man is fishing off a,mann angelt,von
is fishing off a beach,angelt von,einem
fishing off a beach into,von einem,strand
off a beach into a,einem strand,aus
a beach into a large,strand aus,in
beach into a large body,aus in,einem
into a large body of,in einem,großen
a large body of water,einem großen,gewässer
large body of water while,großen gewässer,","
body of water while a,"gewässer ,",während
of water while a young,", während",ein
water while a young boy,während ein,junge
while a young boy carries,ein junge,in
a young boy carries a,junge in,nicht
young boy carries a net,in nicht,allzu
boy carries a net not,nicht allzu,weiter
carries a net not too,allzu weiter,entfernung
a net not too far,weiter entfernung,ein
net not too far away,entfernung ein,netz
not too far away .,ein netz,trägt
too far away . </s>,netz trägt,.
far away . </s> </s>,trägt .,</s>
<s> <s> the soldier is,<s> <s>,der
<s> <s> the soldier is,<s> der,soldat
<s> the soldier is standing,der soldat,steht
the soldier is standing tall,soldat steht,aufrecht
soldier is standing tall as,steht aufrecht,","
is standing tall as he,"aufrecht ,",während
standing tall as he observes,", während",er
tall as he observes the,während er,die
as he observes the passing,er die,vorbeigehenden
he observes the passing people,die vorbeigehenden,menschen
observes the passing people .,vorbeigehenden menschen,beobachtet
the passing people . </s>,menschen beobachtet,.
passing people . </s> </s>,beobachtet .,</s>
<s> <s> a young man,<s> <s>,ein
<s> <s> a young man,<s> ein,junger
<s> a young man in,ein junger,mann
a young man in a,junger mann,im
young man in a suit,mann im,anzug
man in a suit standing,im anzug,fällt
in a suit standing out,anzug fällt,bei
a suit standing out from,fällt bei,etwas
suit standing out from the,bei etwas,","
standing out from the crowd,"etwas ,",das
"out from the crowd ,",", das",eine
"from the crowd , at",das eine,kunstausstellung
"the crowd , at what",eine kunstausstellung,zu
"crowd , at what appears",kunstausstellung zu,sein
", at what appears to",zu sein,scheint
at what appears to be,sein scheint,","
what appears to be an,"scheint ,",in
appears to be an art,", in",der
to be an art exhibition,in der,masse
be an art exhibition .,der masse,auf
an art exhibition . </s>,masse auf,.
art exhibition . </s> </s>,auf .,</s>
<s> <s> a man preparing,<s> <s>,ein
<s> <s> a man preparing,<s> ein,mann
<s> a man preparing fruit,ein mann,","
a man preparing fruit below,"mann ,",der
a man preparing fruit below,", der",unter
man preparing fruit below a,der unter,einem
preparing fruit below a tree,unter einem,baum
fruit below a tree .,einem baum,obst
fruit below a tree .,baum obst,zubereitet
below a tree . </s>,obst zubereitet,.
a tree . </s> </s>,zubereitet .,</s>
<s> <s> a black dog,<s> <s>,ein
<s> a black dog is,<s> ein,schwarzer
a black dog is coming,ein schwarzer,hund
black dog is coming out,schwarzer hund,","
dog is coming out of,"hund ,",der
is coming out of the,", der",etwas
coming out of the ocean,der etwas,im
out of the ocean water,etwas im,maul
of the ocean water on,im maul,hat
the ocean water on the,maul hat,","
ocean water on the beach,"hat ,",kommt
water on the beach with,", kommt",aus
on the beach with something,kommt aus,dem
the beach with something in,aus dem,meerwasser
beach with something in its,dem meerwasser,an
with something in its mouth,meerwasser an,den
something in its mouth .,an den,strand
in its mouth . </s>,den strand,.
its mouth . </s> </s>,strand .,</s>
<s> <s> two young children,<s> <s>,zwei
<s> two young children are,<s> zwei,kleine
two young children are playing,zwei kleine,kinder
young children are playing on,kleine kinder,spielen
children are playing on the,kinder spielen,am
are playing on the beach,spielen am,strand
playing on the beach while,am strand,","
on the beach while a,"strand ,",ein
the beach while a man,", ein",mann
beach while a man watches,ein mann,sieht
while a man watches .,mann sieht,zu
a man watches . </s>,sieht zu,.
man watches . </s> </s>,zu .,</s>
<s> <s> a group of,<s> <s>,eine
<s> a group of people,<s> eine,gruppe
a group of people are,eine gruppe,sitzt
group of people are sitting,gruppe sitzt,am
of people are sitting at,sitzt am,strand
people are sitting at a,am strand,und
sitting at a beach watching,strand und,beobachtet
at a beach watching the,und beobachtet,die
a beach watching the blue,beobachtet die,blue
beach watching the blue angels,die blue,angels
watching the blue angels .,blue angels,.
the blue angels . </s>,angels .,</s>
<s> <s> two young ladies,<s> <s>,zwei
<s> <s> two young ladies,<s> zwei,junge
<s> two young ladies play,zwei junge,damen
two young ladies play chess,junge damen,spielen
young ladies play chess in,damen spielen,in
ladies play chess in a,spielen in,einem
play chess in a restaurant,in einem,restaurant
chess in a restaurant .,einem restaurant,schach
in a restaurant . </s>,restaurant schach,.
a restaurant . </s> </s>,schach .,</s>
<s> <s> a person wearing,<s> <s>,ein
<s> <s> a person wearing,<s> ein,person
<s> a person wearing a,ein person,mit
a person wearing a long-sleeved,person mit,einem
person wearing a long-sleeved white,mit einem,langärmeligen
wearing a long-sleeved white shirt,einem langärmeligen,weißen
a long-sleeved white shirt is,langärmeligen weißen,hemd
long-sleeved white shirt is weaving,weißen hemd,webt
long-sleeved white shirt is weaving,hemd webt,etwas
white shirt is weaving with,webt etwas,mit
shirt is weaving with yellow,etwas mit,einem
is weaving with yellow thread,mit einem,gelben
weaving with yellow thread .,einem gelben,faden
with yellow thread . </s>,gelben faden,.
yellow thread . </s> </s>,faden .,</s>
<s> <s> two women are,<s> <s>,zwei
<s> two women are jogging,<s> zwei,frauen
two women are jogging and,zwei frauen,joggen
women are jogging and three,frauen joggen,und
are jogging and three men,joggen und,drei
jogging and three men are,und drei,männer
three men are walking on,drei männer,gehen
men are walking on a,männer gehen,auf
are walking on a dirt,gehen auf,einem
walking on a dirt trail,auf einem,feldweg
on a dirt trail .,einem feldweg,.
a dirt trail . </s>,feldweg .,</s>
<s> <s> these are women,<s> <s>,dies
<s> these are women members,<s> dies,sind
these are women members of,dies sind,schwarz
are women members of a,sind schwarz,gekleidete
women members of a musical,schwarz gekleidete,weibliche
members of a musical symphony,gekleidete weibliche,mitglieder
of a musical symphony dressed,weibliche mitglieder,einer
a musical symphony dressed in,mitglieder einer,blaskapelle
musical symphony dressed in black,einer blaskapelle,","
symphony dressed in black and,"blaskapelle ,",die
dressed in black and carrying,", die",vor
in black and carrying red,die vor,einem
black and carrying red flags,vor einem,reich
and carrying red flags outside,einem reich,verzierten
carrying red flags outside an,reich verzierten,gebäude
red flags outside an ornate,verzierten gebäude,rote
flags outside an ornate building,gebäude rote,fahnen
outside an ornate building .,rote fahnen,tragen
an ornate building . </s>,fahnen tragen,.
ornate building . </s> </s>,tragen .,</s>
<s> <s> a family of,<s> <s>,eine
<s> a family of four,<s> eine,vierköpfige
a family of four watches,eine vierköpfige,familie
family of four watches an,vierköpfige familie,betrachtet
of four watches an air,familie betrachtet,eine

four watches an air show,betrachtet eine,flugschau
watches an air show .,eine flugschau,.
an air show . </s>,flugschau .,</s>
<s> <s> a person holding,<s> <s>,eine
<s> <s> a person holding,<s> eine,person
<s> a person holding a,eine person,","
a person holding a small,"person ,",die
person holding a small dog,", die",einen
person holding a small dog,die einen,kleinen
holding a small dog on,einen kleinen,hund
a small dog on a,kleinen hund,an
small dog on a leash,hund an,der
small dog on a leash,an der,leine
dog on a leash is,der leine,hält
on a leash is bending,leine hält,","
a leash is bending over,"hält ,",beugt
leash is bending over and,", beugt",sich
leash is bending over and,beugt sich,nach
is bending over and looking,sich nach,vor
bending over and looking through,nach vor,und
over and looking through items,vor und,sieht
over and looking through items,und sieht,sachen
and looking through items .,sieht sachen,durch
looking through items . </s>,sachen durch,.
through items . </s> </s>,durch .,</s>
<s> <s> a brown dog,<s> <s>,ein
<s> <s> a brown dog,<s> ein,brauner
<s> a brown dog carrying,ein brauner,hund
a brown dog carrying a,brauner hund,","
a brown dog carrying a,"hund ,",der
brown dog carrying a black,", der",ein
dog carrying a black object,der ein,schwarzes
carrying a black object .,ein schwarzes,objekt
carrying a black object .,schwarzes objekt,trägt
a black object . </s>,objekt trägt,.
black object . </s> </s>,trägt .,</s>
<s> <s> a frightened little,<s> <s>,ein
<s> <s> a frightened little,<s> ein,kleiner
<s> a frightened little boy,ein kleiner,junge
a frightened little boy being,kleiner junge,","
frightened little boy being pulled,"junge ,",der
little boy being pulled up,", der",sich
boy being pulled up and,der sich,fürchtet
being pulled up and out,sich fürchtet,und
pulled up and out of,fürchtet und,von
up and out of a,und von,seinem
up and out of a,von seinem,vater
and out of a pool,seinem vater,aus
out of a pool by,vater aus,einem
of a pool by his,aus einem,schwimmbecken
a pool by his father,einem schwimmbecken,gezogen
pool by his father .,schwimmbecken gezogen,wird
by his father . </s>,gezogen wird,.
his father . </s> </s>,wird .,</s>
<s> <s> a man standing,<s> <s>,ein
<s> a man standing in,<s> ein,mann
a man standing in front,ein mann,","
man standing in front of,"mann ,",der
standing in front of several,", der",vor
in front of several cliff,der vor,mehreren
front of several cliff faces,vor mehreren,felswänden
of several cliff faces .,mehreren felswänden,steht
several cliff faces . </s>,felswänden steht,.
cliff faces . </s> </s>,steht .,</s>
<s> <s> two people and,<s> <s>,zwei
<s> two people and a,<s> zwei,personen
two people and a small,zwei personen,und
people and a small white,personen und,ein
and a small white dog,und ein,kleiner
a small white dog are,ein kleiner,weißer
small white dog are playing,kleiner weißer,hund
white dog are playing at,weißer hund,spielen
dog are playing at the,hund spielen,im
are playing at the park,spielen im,park
playing at the park .,im park,.
at the park . </s>,park .,</s>
<s> <s> two men with,<s> <s>,zwei
<s> two men with long,<s> zwei,männer
two men with long hair,zwei männer,mit
men with long hair are,männer mit,langen
with long hair are sitting,mit langen,haaren
long hair are sitting on,langen haaren,sitzen
hair are sitting on the,haaren sitzen,auf
are sitting on the ground,sitzen auf,dem
sitting on the ground .,auf dem,boden
on the ground . </s>,dem boden,.
the ground . </s> </s>,boden .,</s>
<s> <s> members of a,<s> <s>,mitglieder
<s> members of a brass,<s> mitglieder,einer
members of a brass band,mitglieder einer,blaskapelle
of a brass band look,einer blaskapelle,blicken
a brass band look at,blaskapelle blicken,auf
band look at their sheet,blicken auf,ihre
look at their sheet music,auf ihre,noten
at their sheet music .,ihre noten,.
their sheet music . </s>,noten .,</s>
<s> <s> a man is,<s> <s>,ein
<s> a man is playing,<s> ein,mann
a man is playing a,ein mann,in
man is playing a dj,mann in,einer
is playing a dj game,in einer,arkade
playing a dj game in,einer arkade,spielt
a dj game in an,arkade spielt,ein
dj game in an arcade,spielt ein,dj-spiel
game in an arcade .,ein dj-spiel,.
in an arcade . </s>,dj-spiel .,</s>
<s> <s> a group of,<s> <s>,eine
<s> a group of women,<s> eine,gruppe
a group of women dressed,eine gruppe,schwarz
group of women dressed in,gruppe schwarz,gekleideter
of women dressed in black,schwarz gekleideter,frauen
women dressed in black playing,gekleideter frauen,","
dressed in black playing musical,"frauen ,",die
in black playing musical instruments,", die",vor
playing musical instruments in front,die vor,einem
musical instruments in front of,vor einem,großen
instruments in front of a,einem großen,gebäude
in front of a large,großen gebäude,musikinstrumente
front of a large building,gebäude musikinstrumente,spielen
of a large building .,musikinstrumente spielen,.
a large building . </s>,spielen .,</s>
<s> <s> one man is,<s> <s>,ein
<s> one man is sitting,<s> ein,mann
one man is sitting on,ein mann,sitzt
is sitting on top of,mann sitzt,auf
sitting on top of a,sitzt auf,einem
on top of a school,auf einem,schulbus
"of a school bus ,",einem schulbus,","
"a school bus , while","schulbus ,",während
"school bus , while another",", während",ein
", while another man ,",während ein,anderer
"while another man , wearing",ein anderer,mann
"another man , wearing a",anderer mann,mit
", wearing a matching shirt",mann mit,passendem
"wearing a matching shirt ,",mit passendem,hemd
"a matching shirt , is",passendem hemd,drinnen
"shirt , is standing inside",hemd drinnen,steht
", is standing inside .",drinnen steht,.
is standing inside . </s>,steht .,</s>
<s> <s> demonstrators waiting for,<s> <s>,demonstranten
<s> demonstrators waiting for the,<s> demonstranten,warten
demonstrators waiting for the policemen,demonstranten warten,darauf
waiting for the policemen to,warten darauf,","
for the policemen to hear,"darauf ,",dass
the policemen to hear their,", dass",polizisten
policemen to hear their grievances,dass polizisten,ihre
to hear their grievances against,polizisten ihre,beschwerden
hear their grievances against police,ihre beschwerden,gegen
their grievances against police oppression,beschwerden gegen,polizeigewalt
grievances against police oppression and,gegen polizeigewalt,und
against police oppression and brutality,polizeigewalt und,brutalität
police oppression and brutality .,und brutalität,aufnehmen
oppression and brutality . </s>,brutalität aufnehmen,.
and brutality . </s> </s>,aufnehmen .,</s>

